Date,Open Price,High Price,Low Price,Close Price,WAP,No.of Shares,No. of Trades,Total Turnover (Rs.),Deliverable Quantity,% Deli. Qty to Traded Qty,Spread High-Low,Spread Close-Open
03-Oct-16,242.35,244.25,242,242.1,242.3406514,1400787,4603,339467634,1054881,75.31,2.25,-0.25
04-Oct-16,243,244.05,240.85,241.45,242.6261152,854469,4962,207316494,418346,48.96,3.2,-1.55
05-Oct-16,242,243.1,239.3,240.3,240.9379047,632351,5112,152357325,250473,39.61,3.8,-1.7
06-Oct-16,242,242,236.2,238,238.4603675,584003,5595,139261570,189250,32.41,5.8,-4
07-Oct-16,238,240.3,237.05,239.15,238.9218801,549284,5414,131235966,164090,29.87,3.25,1.15
10-Oct-16,241,242.75,239.65,240.15,240.6634296,383064,3442,92189496,159598,41.66,3.1,-0.85
13-Oct-16,240.15,241.2,237.5,239.15,239.2210795,1319611,4728,315678768,861358,65.27,3.7,-1
14-Oct-16,239.95,240.75,238.5,239.8,239.6429835,3217832,2320,771130861,1308063,40.65,2.25,-0.15
17-Oct-16,240.25,241.75,238.55,240.45,239.994395,4027095,3606,966480228,3766053,93.52,3.2,0.2
18-Oct-16,241.9,246.5,240.55,245.8,243.7943482,2609673,6193,636223528,2225241,85.27,5.95,3.9
19-Oct-16,245.8,245.9,238.5,239.8,241.2861342,1547854,6714,373475708,1111286,71.8,7.4,-6
20-Oct-16,240,241.4,238.25,239.3,239.5549348,1439061,4020,344734164,1171240,81.39,3.15,-0.7
21-Oct-16,240.45,240.9,238.75,239.85,240.0507274,251304,3327,60325708,111797,44.49,2.15,-0.6
24-Oct-16,242,242,239.75,241.2,241.0369931,495687,3385,119478904,229463,46.29,2.25,-0.8
25-Oct-16,241.95,242.35,237.85,238.75,240.5450792,924084,3505,222283859,437523,47.35,4.5,-3.2
26-Oct-16,239.95,242.45,233.6,238.9,238.278497,2206598,18641,525784855,415321,18.82,8.85,-1.05
27-Oct-16,240.1,244.55,239.8,243.3,243.0744954,2698369,7036,655904683,2217713,82.19,4.75,3.2
28-Oct-16,244.95,244.95,239.75,242.55,241.9259041,691604,4402,167316923,433940,62.74,5.2,-2.4
30-Oct-16,243.3,244,241.15,241.9,242.4175489,93328,1233,22624345,39894,42.75,2.85,-1.4
01-Nov-16,242,242.65,238.7,239.85,241.6590022,816234,3169,197250294,611488,74.92,3.95,-2.15
02-Nov-16,237.25,238.95,235.5,237.3,237.4544576,646364,4347,153482013,184629,28.56,3.45,0.05
03-Nov-16,237.8,242.05,236.15,240.35,239.627337,1212240,6234,290485843,727808,60.04,5.9,2.55
04-Nov-16,251,256,247.4,249.1,250.6803461,6620479,17530,1659623967,4884326,73.78,8.6,-1.9
07-Nov-16,253,259.6,247.25,256.7,256.6229328,2475811,10031,635349880,1682726,67.97,12.35,3.7
08-Nov-16,256,258,252.2,255.75,254.5101225,645045,6064,164170482,315240,48.87,5.8,-0.25
09-Nov-16,240,254.6,239.85,248.65,247.1676019,2889860,21784,714279766,1363907,47.2,14.75,8.65
10-Nov-16,252,252.6,245.85,250.8,249.7324424,566491,6804,141471181,198279,35,6.75,-1.2
11-Nov-16,246.05,248.65,241,243,245.8272341,373789,4275,91887516,107172,28.67,7.65,-3.05
15-Nov-16,242.9,246.9,235.55,237.7,240.7725864,906252,6386,218200638,371222,40.96,11.35,-5.2
16-Nov-16,239,241.9,227.6,230.7,232.5589469,1175983,9055,273485368,349885,29.75,14.3,-8.3
17-Nov-16,229,234.05,225,232.35,231.5833577,530803,4585,122925141,143338,27,9.05,3.35
18-Nov-16,231.1,231.2,227.1,227.9,229.0613327,394031,3022,90257266,149798,38.02,4.1,-3.2
21-Nov-16,229,230.8,224.1,224.35,225.4598721,343365,4150,77415029,100436,29.25,6.7,-4.65
22-Nov-16,224.75,227.9,223.45,226.2,225.7619046,323257,4240,72979116,116912,36.17,4.45,1.45
23-Nov-16,226.5,227.35,223.75,224.55,224.8956722,491077,2947,110441092,226543,46.13,3.6,-1.95
24-Nov-16,224.5,225,222.25,223.6,223.2409783,517806,4697,115595518,177578,34.29,2.75,-0.9
25-Nov-16,224,230.25,223.1,228.75,227.3891063,1114238,3859,253365583,577400,51.82,7.15,4.75
28-Nov-16,230,234.2,227.8,233.5,230.9447636,575563,2818,132923261,337662,58.67,6.4,3.5
29-Nov-16,235,235.6,230.25,231.2,232.7265081,408981,2713,95180720,123315,30.15,5.35,-3.8
30-Nov-16,232,234.4,229.8,232.9,232.0176622,503787,3296,116887482,121671,24.15,4.6,0.9
01-Dec-16,232.9,234.95,231.2,233.35,233.4497542,779946,2458,182078202,473066,60.65,3.75,0.45
02-Dec-16,232.9,232.9,228,228.4,229.2002373,610321,6243,139885718,257770,42.24,4.9,-4.5
05-Dec-16,229.75,233,227.7,232.45,230.4536028,587428,3669,135374899,226094,38.49,5.3,2.7
06-Dec-16,232.3,232.75,229.4,230.25,229.9822902,594700,2447,136770468,114777,19.3,3.35,-2.05
07-Dec-16,231,232.1,226.95,227.55,229.1920736,636376,3625,145852335,324367,50.97,5.15,-3.45
08-Dec-16,229.9,235.2,228.4,233,232.6743287,494778,4057,115122139,180079,36.4,6.8,3.1
09-Dec-16,234,239.4,232.65,235.8,237.1517415,692032,7209,164116594,280654,40.56,6.75,1.8
12-Dec-16,236,236,232.3,232.55,233.2351182,205603,3123,47953840,49692,24.17,3.7,-3.45
13-Dec-16,233,236.8,232.4,235.3,235.0334729,501420,3486,117850484,225836,45.04,4.4,2.3
14-Dec-16,236,236.45,231.9,233.1,233.4079125,514478,4244,120083236,264212,51.36,4.55,-2.9
15-Dec-16,232.95,234.1,228.55,229.8,230.8690677,569424,4921,131462388,200192,35.16,5.55,-3.15
16-Dec-16,231,231,226,226.55,227.2700665,531969,4226,120900630,170630,32.08,5,-4.45
19-Dec-16,228,229.2,225.95,227.1,227.4393631,830452,3766,188877474,578599,69.67,3.25,-0.9
20-Dec-16,227.15,230.35,227.15,229.4,229.8278146,1036325,3259,238176310,853865,82.39,3.2,2.25
21-Dec-16,229.4,229.8,225.3,226.1,227.6093341,889169,3262,202383164,686410,77.2,4.5,-3.3
22-Dec-16,225.1,228.9,224.35,227.25,226.5173504,384343,4281,87060358,153621,39.97,4.55,2.15
23-Dec-16,227.25,227.3,223.85,224.8,224.8982988,619157,4463,139247356,369591,59.69,3.45,-2.45
26-Dec-16,224.35,225.85,222.05,225.05,224.1419466,379382,4631,85035420,150705,39.72,3.8,0.7
27-Dec-16,225.5,234.7,224.45,234.1,230.8647866,826353,9892,190775809,400326,48.44,10.25,8.6
28-Dec-16,234.1,236.4,233.1,235.35,234.9513477,873586,7345,205250208,581006,66.51,3.3,1.25
29-Dec-16,235.9,236.7,232.3,235.5,234.438602,649484,7151,152264121,391488,60.28,4.4,-0.4
30-Dec-16,237,242.3,236.1,240.95,240.9377235,748999,5555,180462114,335541,44.8,6.2,3.95
02-Jan-17,241.95,242.1,238.55,241.2,240.4387566,540140,3637,129870590,175450,32.48,3.55,-0.75
03-Jan-17,241.2,245.75,239.5,243.25,243.4787077,2601318,9977,633365545,1869498,71.87,6.25,2.05
04-Jan-17,244,246.75,240.35,244.7,243.2889625,834437,5813,203009312,416029,49.86,6.4,0.7
05-Jan-17,244.1,247.7,244.1,246.5,245.8869056,721583,8740,177427811,289182,40.08,3.6,2.4
06-Jan-17,245.95,248.95,242.15,242.65,244.5414764,664740,5955,162556501,337172,50.72,6.8,-3.3
09-Jan-17,242.95,246.4,242,245.8,244.8601925,312866,3573,76608429,108749,34.76,4.4,2.85
10-Jan-17,246,249.7,245.65,248.9,248.1133878,1133702,6400,281286644,654096,57.7,4.05,2.9
11-Jan-17,248.25,250.5,246.65,247.5,248.7025863,1215502,5601,302298491,908594,74.75,3.85,-0.75
12-Jan-17,246.45,247.6,243.65,244.3,244.8437024,1384852,4576,339072291,964420,69.64,3.95,-2.15
13-Jan-17,245,250.5,242.7,249.5,247.2965485,580964,3376,143670392,227006,39.07,7.8,4.5
16-Jan-17,249.45,250.8,247.2,248.8,248.445508,816688,6302,202902465,259080,31.72,3.6,-0.65
17-Jan-17,248.8,252.5,248.75,251.85,250.8508828,667341,4417,167403079,298900,44.79,3.75,3.05
18-Jan-17,252,254.25,250,250.9,252.8095413,925781,5230,234046270,506482,54.71,4.25,-1.1
19-Jan-17,251,254.8,249.95,253.95,252.8389453,1124059,7876,284205892,752967,66.99,4.85,2.95
20-Jan-17,253.95,256.15,253.7,255.45,255.2715634,825914,3571,210832358,478610,57.95,2.45,1.5
23-Jan-17,255.5,260,254.85,259.45,258.7033798,616374,5319,159458037,251055,40.73,5.15,3.95
24-Jan-17,259.55,260.4,257.2,259.75,259.3704961,483808,3627,125485521,222849,46.06,3.2,0.2
25-Jan-17,261,265.85,259.8,264.85,263.050302,618723,6081,162755272,270559,43.73,6.05,3.85
27-Jan-17,264,266.7,256.35,257.5,261.7284919,1832925,13517,479728696,592528,32.33,10.35,-6.5
30-Jan-17,257,261,255.5,255.9,257.6175642,526274,3803,135577426,265758,50.5,5.5,-1.1
31-Jan-17,255.9,259.8,254.55,258.05,258.216986,1019098,5983,263148414,600518,58.93,5.25,2.15
01-Feb-17,260,270.25,258.65,269.7,265.0659054,2227467,15267,590425557,756407,33.96,11.6,9.7
02-Feb-17,271.95,279.9,269.6,273.7,275.1299631,1770418,17930,487095039,574775,32.47,10.3,1.75
03-Feb-17,275,275.3,270.25,272.45,273.0672228,1007843,4326,275208889,518607,51.46,5.05,-2.55
06-Feb-17,274,279,274,276.4,276.3502776,539652,4688,149132980,234824,43.51,5,2.4
07-Feb-17,277,291.95,275.75,277.1,281.1084675,2110530,16080,593287854,523272,24.79,16.2,0.1
08-Feb-17,279.5,279.5,271.75,274.7,274.3255817,1001466,5675,274727743,410834,41.02,7.75,-4.8
09-Feb-17,275,278.5,272.8,277.4,275.1848391,805046,6670,221536454,358366,44.51,5.7,2.4
10-Feb-17,277.95,278.95,271.7,273.05,273.6948601,449384,3636,122994091,218337,48.59,7.25,-4.9
13-Feb-17,275,275.95,268.55,270.5,270.5483701,685154,3457,185367298,395919,57.79,7.4,-4.5
14-Feb-17,272,273.7,269.35,270.8,270.486407,597808,2596,161698938,259524,43.41,4.35,-1.2
15-Feb-17,271.2,275.05,271.2,273.4,272.801087,688346,6021,187781537,356583,51.8,3.85,2.2
16-Feb-17,270.5,272,265.6,266.7,268.3902962,409015,3471,109775657,167510,40.95,6.4,-3.8
17-Feb-17,268.45,269.15,264.1,268.25,267.0713061,638865,4724,170622510,205231,32.12,5.05,-0.2
20-Feb-17,268.15,268.15,265.15,265.85,266.1983224,538265,3077,143285240,270063,50.17,3,-2.3
21-Feb-17,266,266.35,261.15,263.35,262.787698,426727,3609,112138606,120049,28.13,5.2,-2.65
22-Feb-17,264.95,266.15,261.75,263.5,264.8578676,2238498,4113,592883807,1840182,82.21,4.4,-1.45
23-Feb-17,264,267.15,261.65,265.7,264.9833483,5011394,4343,1327935962,4712725,94.04,5.5,1.7
27-Feb-17,266.35,266.35,258.2,264.35,263.270525,1551535,3325,408473434,1256825,81.01,8.15,-2
28-Feb-17,264,264.55,261.2,262.15,262.7326245,296063,3364,77785409,104213,35.2,3.35,-1.85
01-Mar-17,263.25,269.65,262.8,268.6,265.5053265,2503979,4363,664819762,1978411,79.01,6.85,5.35
02-Mar-17,270,270,263.75,264.55,266.6547493,689751,4298,183925380,315797,45.78,6.25,-5.45
03-Mar-17,264,264,258.4,261.95,260.6769467,645683,4196,168314673,179540,27.81,5.6,-2.05
06-Mar-17,262.15,265,261.5,263.8,263.3176108,434513,3384,114414925,151542,34.88,3.5,1.65
07-Mar-17,266.7,266.7,261.35,264.25,263.6125229,609045,3658,160551889,303234,49.79,5.35,-2.45
08-Mar-17,264.9,265.25,263.2,264.05,264.4739276,457648,2003,121035964,288780,63.1,2.05,-0.85
09-Mar-17,265,265.85,262.2,264.8,264.5299129,1078566,4313,285312970,664585,61.62,3.65,-0.2
10-Mar-17,265.5,265.5,262.7,263.25,264.2520103,3083600,3921,814847499,2884585,93.55,2.8,-2.25
14-Mar-17,267.1,271.55,265.25,267.15,268.8607826,1841487,17107,495103636,1357773,73.73,6.3,0.05
15-Mar-17,266,270.45,266,267.9,269.525216,3736444,6908,1007065876,3388240,90.68,4.45,1.9
16-Mar-17,269.4,271,267.55,268.2,268.4148995,1249869,7448,335483462,1012997,81.05,3.45,-1.2
17-Mar-17,276,289,276,281.2,285.1308262,5615855,26430,1601253376,4160218,74.08,13,5.2
20-Mar-17,282.4,288,277.9,282.1,279.7933263,978707,5702,273835687,588602,60.14,10.1,-0.3
21-Mar-17,282.9,288.45,282.9,287.65,285.7378007,1389546,7901,397045818,660499,47.53,5.55,4.75
22-Mar-17,286,287.8,278.85,279.75,284.3345605,981912,5383,279191517,596786,60.78,8.95,-6.25
23-Mar-17,278.35,282.4,275.15,277.9,277.7616304,1226759,5157,340746580,675263,55.04,7.25,-0.45
24-Mar-17,279,283,278.9,281.05,281.4111387,1354543,5199,381183488,881509,65.08,4.1,2.05
27-Mar-17,280.8,283.05,276.4,281.9,280.4682444,664418,3385,186348150,304883,45.89,6.65,1.1
28-Mar-17,281,282,280,280.5,280.8993157,1283030,4058,360402249,894491,69.72,2,-0.5
29-Mar-17,279.5,283.5,279.5,282.6,281.4808989,2824024,2029,794908814,2305357,81.63,4,3.1
30-Mar-17,283.3,284.65,280.15,282.6,282.4507644,481664,3078,136046365,275891,57.28,4.5,-0.7
31-Mar-17,282.5,282.9,278.7,280.45,280.7723781,897866,3268,252095972,132197,14.72,4.2,-2.05
03-Apr-17,281.1,283.5,278.75,281.7,281.0212744,409788,3399,115159146,167261,40.82,4.75,0.6
05-Apr-17,282.5,283,277.8,278.95,279.2326383,381068,2638,106406623,153338,40.24,5.2,-3.55
06-Apr-17,278.9,278.95,273.9,274.35,275.033385,1116938,3324,307195239,715925,64.1,5.05,-4.55
07-Apr-17,273.5,274.15,271,272.75,272.9392205,1625697,17081,443716472,1345726,82.78,3.15,-0.75
10-Apr-17,273,274.65,272.1,273.5,273.3522624,1430959,2610,391155880,1164550,81.38,2.55,0.5
11-Apr-17,273.4,282.6,272,282.15,279.4932356,875764,6318,244770114,455089,51.96,10.6,8.75
12-Apr-17,282,285,279.55,281.8,282.0482701,620301,5367,174954824,232644,37.51,5.45,-0.2
13-Apr-17,281.6,282.15,278.65,279.75,280.4535504,310272,2066,87016884,100659,32.44,3.5,-1.85
17-Apr-17,277.7,282.45,275.8,279,279.1835295,420352,2636,117355355,150099,35.71,6.65,1.3
18-Apr-17,281,283.95,278,278.95,280.8140919,494099,4265,138749962,154313,31.23,5.95,-2.05
19-Apr-17,280.1,281,277.9,279.1,279.1703114,351562,2358,98145673,158059,44.96,3.1,-1
20-Apr-17,279.55,281.4,278.2,279.4,279.2388119,402614,3056,112425455,170178,42.27,3.2,-0.15
21-Apr-17,281.2,281.5,272.7,274.35,278.8064774,1116810,3751,311373862,693468,62.09,8.8,-6.85
24-Apr-17,276,277.1,271.25,276.25,273.9947748,729931,3899,199997280,171586,23.51,5.85,0.25
25-Apr-17,277,282.1,274,281.2,279.3700835,512887,3288,143285284,220205,42.93,8.1,4.2
26-Apr-17,281.95,292.85,281.95,290.65,288.5437421,1943631,8402,560822562,1378011,70.9,10.9,8.7
27-Apr-17,291,292,283.95,285.1,286.5359619,3005003,4584,861041425,329083,10.95,8.05,-5.9
28-Apr-17,285.9,285.9,278.1,278.6,279.5200329,595970,6643,166585554,260306,43.68,7.8,-7.3
02-May-17,279.05,280.75,276.65,278.6,278.4889728,481039,3121,133964057,156416,32.52,4.1,-0.45
03-May-17,279.6,279.6,275.5,277.2,277.1494119,1713063,3117,474774403,243501,14.21,4.1,-2.4
04-May-17,277.3,282.1,276.25,281.1,278.7867212,813461,4897,226782125,413961,50.89,5.85,3.8
05-May-17,280.7,281.55,276.75,277.05,277.68033,610320,3116,169473859,198901,32.59,4.8,-3.65
08-May-17,277,278.1,272.5,272.95,274.2701654,1216081,7797,333534737,883409,72.64,5.6,-4.05
09-May-17,273.5,276.6,270.9,271.55,273.5182097,528730,4016,144617283,180727,34.18,5.7,-1.95
10-May-17,273.95,275.5,272.45,273.9,274.1642718,456956,3980,125281009,207625,45.44,3.05,-0.05
11-May-17,275,278.85,274.15,276.65,277.2897161,629744,3919,174621535,268995,42.71,4.7,1.65
12-May-17,277,277,273.9,274.3,274.9113675,484969,1878,133323491,163335,33.68,3.1,-2.7
15-May-17,275,278.95,275,277.35,277.6297521,322149,3602,89438147,193420,60.04,3.95,2.35
16-May-17,278.1,284.25,278.1,283.45,281.6447197,629610,4300,177326332,385190,61.18,6.15,5.35
17-May-17,284,284.4,279.5,281.85,281.8895731,641130,4870,180727862,430264,67.11,4.9,-2.15
18-May-17,279.9,280.95,276.95,278.05,278.4943455,338666,1490,94316566,159446,47.08,4,-1.85
19-May-17,280.25,295.5,280.25,285.9,290.13471,2550138,15868,739883549,1102234,43.22,15.25,5.65
22-May-17,292,304.9,291,303.65,299.8630318,3149139,20841,944310368,1338003,42.49,13.9,11.65
23-May-17,302,303.75,298.3,300.25,300.3566214,1158004,11906,347814169,461091,39.82,5.45,-1.75
24-May-17,300.1,302,297.9,299.95,300.0943972,560705,3032,168264429,256410,45.73,4.1,-0.15
25-May-17,301,304.6,295.5,299.7,299.3176839,747863,5740,223848621,308308,41.23,9.1,-1.3
26-May-17,302.05,313.4,300,308.65,306.0048467,2622421,21091,802473536,895950,34.16,13.4,6.6
29-May-17,303,319.9,303,316,315.6424722,1203221,13292,379787651,387449,32.2,16.9,13
30-May-17,314,315.35,310,310.4,310.8317989,1367464,3212,425051295,189451,13.85,5.35,-3.6
31-May-17,312,313.5,307.2,311.9,310.2959762,632517,4299,196267480,188405,29.79,6.3,-0.1
01-Jun-17,313,316.9,311.2,314.6,315.5762176,1024639,3899,323351700,663616,64.77,5.7,1.6
02-Jun-17,314.6,319.65,314.6,319.15,317.1740719,1751880,3859,555650913,635166,36.26,5.05,4.55
05-Jun-17,314.9,318.5,313.35,317.5,316.2009911,1470926,3609,465108259,1113302,75.69,5.15,2.6
06-Jun-17,318.15,318.4,309.7,311,311.1549569,568616,4181,176927687,192466,33.85,8.7,-7.15
07-Jun-17,311.75,314.75,310.7,312.2,313.1193331,343241,2448,107475393,139594,40.67,4.05,0.45
08-Jun-17,312.2,313.2,309.6,311.6,310.925595,385955,3259,120003288,198286,51.38,3.6,-0.6
09-Jun-17,310.05,312.45,304.65,306.2,307.0727728,647838,5055,198933411,191058,29.49,7.8,-3.85
12-Jun-17,307,308.55,302.75,304.35,304.8312132,439045,4013,133834620,167915,38.25,5.8,-2.65
13-Jun-17,304.45,305.95,302.4,304.7,304.3983324,563931,3193,171659656,180043,31.93,3.55,0.25
14-Jun-17,305.25,305.85,299,299.75,300.7626267,1072391,4002,322535134,488168,45.52,6.85,-5.5
15-Jun-17,304,304,299.7,301.9,300.3737006,1799419,5123,540498144,1338571,74.39,4.3,-2.1
16-Jun-17,302,309.2,302,306.3,307.010627,663592,4699,203729796,283238,42.68,7.2,4.3
19-Jun-17,308.5,311.6,308,310.45,310.299316,581733,4150,180511352,273475,47.01,3.6,1.95
20-Jun-17,313,313.55,307.9,308.5,309.4761605,342897,2616,106118447,180466,52.63,5.65,-4.5
21-Jun-17,308.7,311,307.25,309.15,309.2538365,462987,5271,143180506,285565,61.68,3.75,0.45
22-Jun-17,309.15,313.9,308.25,310.7,311.2613045,387035,3226,120469019,151880,39.24,5.65,1.55
23-Jun-17,310.6,312.5,308.65,310.85,310.4660809,358073,2312,111169521,168548,47.07,3.85,0.25
27-Jun-17,311.05,316.5,311.05,311.65,312.2396973,7540094,7682,2354316668,1290923,17.12,5.45,0.6
28-Jun-17,312,312,307.2,308.15,309.2963446,376727,2696,116520284,147915,39.26,4.8,-3.85
29-Jun-17,309,313.4,308.8,311.4,311.2313219,437023,3888,136015246,162392,37.16,4.6,2.4
30-Jun-17,311.2,324.8,310,323.85,318.8961403,2172267,10829,692727562,1290214,59.39,14.8,12.65
03-Jul-17,345.25,353.2,340.3,342.3,344.0235667,2313944,13854,796051268,934433,40.38,12.9,-2.95
04-Jul-17,344,344,336.15,337.1,338.4311144,702883,4847,237877477,252818,35.97,7.85,-6.9
05-Jul-17,337.25,337.5,330.35,331.05,332.9117485,535753,4575,178358468,219845,41.03,7.15,-6.2
06-Jul-17,333,338.6,331.45,336.75,336.1819284,872662,7205,293373194,330151,37.83,7.15,3.75
07-Jul-17,337.6,338,333.1,334.1,334.7385323,457284,3545,153070575,169971,37.17,4.9,-3.5
10-Jul-17,335.1,338,331,333.25,332.4917703,3497887,30411,1163018641,2370636,67.77,7,-1.85
11-Jul-17,335,335,330,330.4,331.2348509,566798,5231,187743251,302259,53.33,5,-4.6
12-Jul-17,329,333.7,327.3,328.7,329.2630862,622412,7049,204937296,281949,45.3,6.4,-0.3
13-Jul-17,331.55,339.45,331.55,338.65,336.9767812,1174391,8863,395742499,482736,41.11,7.9,7.1
14-Jul-17,339.05,340,334.75,337.2,336.0816002,493675,2646,165915084,226381,45.86,5.25,-1.85
17-Jul-17,334.9,335,321.1,325.75,327.7166475,1660458,8788,544159729,1034676,62.31,13.9,-9.15
18-Jul-17,293.2,293.2,276.9,284.6,285.0316031,10494096,108542,2991149006,3997920,38.1,16.3,-8.6
19-Jul-17,289,292.8,286.3,291.5,289.9957632,2878325,26627,834702055,1237126,42.98,6.5,2.5
20-Jul-17,294.4,295,288.3,289.75,290.9894134,1222211,12325,355650462,482790,39.5,6.7,-4.65
21-Jul-17,293.75,293.75,286.8,288.5,288.7433575,770009,6468,222334984,300112,38.98,6.95,-5.25
24-Jul-17,289.95,295.35,288.35,293.2,293.0018773,1070126,10063,313548927,372773,34.83,7,3.25
25-Jul-17,295,295.2,290.8,291.4,293.0171993,1672049,5578,489939115,1281891,76.67,4.4,-3.6
26-Jul-17,291.95,294.2,291.5,293.4,293.013455,445857,4645,130642100,197421,44.28,2.7,1.45
27-Jul-17,295,295.3,287,288.65,292.4124237,880272,9254,257402469,387645,44.04,8.3,-6.35
28-Jul-17,294.7,294.9,287.2,291.25,290.3320646,1328844,14863,385806022,552280,41.56,7.7,-3.45
31-Jul-17,291.25,291.25,284.5,285.15,286.3173567,1559485,12856,446507623,1018700,65.32,6.75,-6.1
01-Aug-17,286,288.5,285,287.75,286.5831034,812638,10767,232888320,416744,51.28,3.5,1.75
02-Aug-17,289,289.5,284.35,285.15,286.160712,644787,5636,184512707,278965,43.26,5.15,-3.85
03-Aug-17,286,286,280.5,281.4,282.9508079,699726,8208,197988037,344721,49.27,5.5,-4.6
04-Aug-17,281,284.5,280,280.75,281.6049739,761051,12867,214315747,298494,39.22,4.5,-0.25
07-Aug-17,282,283.3,279.55,280,280.7364928,601847,6050,168960416,255977,42.53,3.75,-2
08-Aug-17,281,281.55,273.3,274.2,275.965066,1052184,13134,290366027,521069,49.52,8.25,-6.8
09-Aug-17,274,275.4,270.75,272.7,272.8389386,1147786,11240,313160714,424407,36.98,4.65,-1.3
10-Aug-17,273,274.75,270.7,273.1,273.0385587,683062,9593,186502264,255186,37.36,4.05,0.1
11-Aug-17,272.3,274.35,270.1,271.55,271.8461425,1516247,8907,412185898,377124,24.87,4.25,-0.75
14-Aug-17,273,274.35,270.05,271.15,270.7591999,1417354,5595,383761635,978634,69.05,4.3,-1.85
16-Aug-17,272.65,281.7,271.65,279.3,277.6001831,896698,6747,248923529,274412,30.6,10.05,6.65
17-Aug-17,280.5,282.9,278.1,279.45,280.4025691,628168,4511,176139921,225853,35.95,4.8,-1.05
18-Aug-17,280.75,284,277.2,281.8,280.5783613,812665,7698,228016214,356938,43.92,6.8,1.05
21-Aug-17,283.5,284.95,280.9,282.15,283.6151095,1462434,5146,414768379,991214,67.78,4.05,-1.35
22-Aug-17,282.4,285,280.55,283.05,283.7085846,414930,3233,117719203,179633,43.29,4.45,0.65
23-Aug-17,283.25,285.3,281,282.25,283.2404328,349894,2684,99104128,129962,37.14,4.3,-1
24-Aug-17,282.9,283.5,281.2,281.5,281.9463236,899389,1822,253579422,612233,68.07,2.3,-1.4
28-Aug-17,281.2,283,279.6,282.25,280.7273763,1768258,3755,496398429,1332706,75.37,3.4,1.05
29-Aug-17,282.25,282.9,279.65,280.3,281.2010198,884122,20195,248616008,640991,72.5,3.25,-1.95
30-Aug-17,282.65,283.4,280.6,282.4,281.5199209,561722,2303,158135933,458777,81.67,2.8,-0.25
31-Aug-17,283,283.2,280.45,282.2,281.6195537,600358,2957,169072552,,,2.75,-0.8
01-Sep-17,282,284.6,280.8,283.6,283.397952,361041,2157,102318280,181183,50.18,3.8,1.6
04-Sep-17,283.7,283.85,282,282.6,282.8416998,259330,2229,73349338,86167,33.23,1.85,-1.1
05-Sep-17,283,284,280.9,282.4,282.8355785,182537,1635,51627958,68231,37.38,3.1,-0.6
06-Sep-17,280.9,281,275,275.55,276.6357813,535755,7671,148209003,280083,52.28,6,-5.35
07-Sep-17,277.1,277.55,269.6,270.35,272.0588799,1823848,8164,496194044,1529039,83.84,7.95,-6.75
08-Sep-17,271.1,273.3,270.1,272.45,271.8656593,506533,5009,137708928,186329,36.79,3.2,1.35
11-Sep-17,273,274.5,271.55,273.8,273.2810012,348269,2417,95175301,203761,58.51,2.95,0.8
12-Sep-17,275.15,278,274.7,277.55,276.3430312,478627,3484,132265236,297483,62.15,3.3,2.4
13-Sep-17,277.65,277.65,271,271.5,273.6095168,1002312,6580,274242102,586467,58.51,6.65,-6.15
14-Sep-17,272.6,272.6,270.4,271.85,271.5718425,270223,3594,73384958,138831,51.38,2.2,-0.75
15-Sep-17,272,272.75,267.9,269.35,270.1795839,383442,3906,103598200,207746,54.18,4.85,-2.65
18-Sep-17,271,271.7,266.3,266.8,268.1267382,1459181,7341,391245442,1120347,76.78,5.4,-4.2
19-Sep-17,267.25,270,264.15,267.8,266.6012144,1741951,9306,464406252,908565,52.16,5.85,0.55
20-Sep-17,269.8,272,267.85,271.2,270.6782119,549172,3608,148648895,277572,50.54,4.15,1.4
21-Sep-17,272.5,272.75,267.15,269.45,269.1670553,430181,4959,115790553,176469,41.02,5.6,-3.05
22-Sep-17,269.9,270.9,267.1,268.25,269.0487643,552761,4791,148719664,231626,41.9,3.8,-1.65
25-Sep-17,269,269.6,261.2,262.4,263.3831438,2110761,9579,555938868,1520148,72.02,8.4,-6.6
26-Sep-17,263,264.5,261,262.1,262.8634293,576434,4773,151523418,415726,72.12,3.5,-0.9
27-Sep-17,264.8,265.5,257.1,258.6,262.6049425,1911089,9659,501861417,1440300,75.37,8.4,-6.2
28-Sep-17,260,263.25,259.1,261.15,261.7534207,880962,4994,230594817,480699,54.57,4.15,1.15
29-Sep-17,262,262.7,257.4,258.25,259.5528374,543914,4777,141174422,159088,29.25,5.3,-3.75
03-Oct-17,259.25,262.7,258.1,261.35,261.1065155,398665,4045,104094029,192165,48.2,4.6,2.1
04-Oct-17,264,268.6,263.25,267.35,266.7885047,611484,5325,163136902,284760,46.57,5.35,3.35
05-Oct-17,267.55,269.1,264.1,265.55,266.84521,654041,3636,174527708,451500,69.03,5,-2
06-Oct-17,265.5,267.55,264.8,266.05,265.6225359,587240,2705,155984178,314217,53.51,2.75,0.55
09-Oct-17,269,269,266.3,268,267.6380259,290239,2083,77678993,132395,45.62,2.7,-1
10-Oct-17,268,268,265.1,265.8,266.5958687,324209,2342,86432780,194348,59.95,2.9,-2.2
11-Oct-17,266.25,266.95,264.5,265.4,265.2512344,306427,2717,81280140,133515,43.57,2.45,-0.85
12-Oct-17,265.8,269.05,263.95,267,266.9402754,363602,2353,97060018,139982,38.5,5.1,1.2
13-Oct-17,267.55,267.75,264.05,265.85,264.6072818,1472845,3648,389725512,1188952,80.72,3.7,-1.7
16-Oct-17,265.4,269.9,265.4,267.5,267.8483932,238835,2208,63971571,113600,47.56,4.5,2.1
17-Oct-17,268,268.8,266.25,267.2,267.7484781,220772,1613,59111367,112559,50.98,2.55,-0.8
18-Oct-17,267.8,270.8,267.2,270.35,268.7850891,260736,2307,70081949,131646,50.49,3.6,2.55
19-Oct-17,271.25,271.25,268.6,269.6,269.9112215,113496,1570,30633844,69346,61.1,2.65,-1.65
23-Oct-17,269.75,272.95,265.9,266.75,268.0096578,468327,2959,125516159,258931,55.29,7.05,-3
24-Oct-17,267.15,268.2,266.1,267.1,267.1877191,339113,3080,90606829,163735,48.28,2.1,-0.05
25-Oct-17,268,271.5,268,269.35,269.5273782,273265,2970,73652399,144168,52.76,3.5,1.35
26-Oct-17,270,270.35,267.45,268.5,268.7354547,344149,2249,92485038,151711,44.08,2.9,-1.5
27-Oct-17,270.5,276.1,267.8,269.35,271.9807787,1629702,11040,443247619,487776,29.93,8.3,-1.15
30-Oct-17,270,270.3,263.4,265.15,266.1701209,1146802,6880,305244427,693054,60.43,6.9,-4.85
31-Oct-17,266.9,268,264.2,266.1,265.2388351,417648,4082,110776469,149655,35.83,3.8,-0.8
01-Nov-17,266.95,271.15,266.3,269.7,269.0059008,467899,3570,125867592,196645,42.03,4.85,2.75
02-Nov-17,270.95,271,265.25,265.6,266.8817807,630963,5077,168392529,247112,39.16,5.75,-5.35
03-Nov-17,267.7,267.95,264.9,265.4,266.0397163,311635,4399,82907287,153755,49.34,3.05,-2.3
06-Nov-17,267.75,267.75,264,264.8,265.6381596,682345,4167,181256870,319950,46.89,3.75,-2.95
07-Nov-17,265,267.7,263.7,265.65,265.6370107,1096495,10260,291269654,525102,47.89,4,0.65
08-Nov-17,265.7,266.5,264.65,265.4,265.7629182,551025,6893,146442012,327301,59.4,1.85,-0.3
09-Nov-17,266,266.75,259.35,260.1,261.8199662,724053,10955,189571532,436091,60.23,7.4,-5.9
10-Nov-17,261.25,264.8,259.25,261.35,261.7070653,534713,5396,139938170,147080,27.51,5.55,0.1
13-Nov-17,262,263.45,258,258.35,260.3341346,513359,5084,133644871,251293,48.95,5.45,-3.65
14-Nov-17,258.4,260.8,256,256.55,258.0502054,910260,4477,234892780,657280,72.21,4.8,-1.85
15-Nov-17,256.25,257.35,250.35,252.8,252.2610912,1634402,15633,412296032,970055,59.35,7,-3.45
16-Nov-17,254.25,255.5,252.35,255.05,254.1864902,382551,5355,97239296,165396,43.24,3.15,0.8
17-Nov-17,256.2,258.8,256,257.55,257.7168392,446958,9098,115188603,213477,47.76,2.8,1.35
20-Nov-17,258.25,260.7,257.4,259.1,259.1035325,409427,4819,106083982,193621,47.29,3.3,0.85
21-Nov-17,259.1,259.45,255.75,256.3,257.5306609,449856,3422,115851713,186617,41.48,3.7,-2.8
22-Nov-17,256.3,258.8,256,258.1,257.7729553,638152,2778,164498327,112707,17.66,2.8,1.8
23-Nov-17,258,260.55,256.45,258.15,258.546753,285030,2502,73693581,94018,32.99,4.1,0.15
24-Nov-17,258.5,261.3,258.1,260.35,259.8322792,332332,2489,86350581,147256,44.31,3.2,1.85
27-Nov-17,260.65,260.7,257.7,259.2,258.8476401,267472,2250,69234496,119555,44.7,3,-1.45
28-Nov-17,259.25,259.5,256.3,256.95,257.1166238,413492,2439,106315667,172915,41.82,3.2,-2.3
29-Nov-17,257.3,258.75,257,258.15,258.0077235,232149,1559,59896235,107240,46.19,1.75,0.85
30-Nov-17,256,258.75,255,255.65,256.2249986,527621,3315,135189690,195928,37.13,3.75,-0.35
01-Dec-17,256.2,259.45,255,255.3,257.0304584,277296,2251,71273518,96304,34.73,4.45,-0.9
04-Dec-17,255.5,256.8,253.55,255.05,255.4971794,828021,3273,211557030,591672,71.46,3.25,-0.45
05-Dec-17,255,255.35,253.5,254.05,254.0982861,465427,3298,118264203,212445,45.65,1.85,-0.95
06-Dec-17,254,255,251,251.45,252.0263126,1170996,3073,295121804,977724,83.5,4,-2.55
07-Dec-17,251.2,253.6,250.5,253,252.2658842,307145,2311,77482205,124690,40.6,3.1,1.8
08-Dec-17,254.2,262.55,253.45,261.7,259.0264068,1800334,6137,466334047,1050766,58.37,9.1,7.5
11-Dec-17,264,267.4,263.35,265.6,265.7229621,993207,5466,263917906,524658,52.82,4.05,1.6
12-Dec-17,266.25,266.25,260.45,261.55,261.7721615,472734,3932,123748601,230062,48.67,5.8,-4.7
13-Dec-17,260,262.35,257.6,259.05,259.6918531,7271863,5407,1888443578,6540281,89.94,4.75,-0.95
14-Dec-17,260,266,257.6,263.9,261.7609767,512565,3887,134169515,236505,46.14,8.4,3.9
15-Dec-17,265.6,267,263.3,264.75,265.2723572,575766,4801,152734804,295341,51.3,3.7,-0.85
18-Dec-17,266,266,259.05,263.1,263.1481494,520954,4612,137088081,161604,31.02,6.95,-2.9
19-Dec-17,264.5,265.4,263.1,264.6,264.2361922,517172,2892,136655560,279443,54.03,2.3,0.1
20-Dec-17,264,264.25,262.75,263.3,263.5343319,286949,2026,75620913,112187,39.1,1.5,-0.7
21-Dec-17,263,265.75,261.75,263,262.8606273,329182,2308,86528987,125122,38.01,4,0
22-Dec-17,264,264.35,262.6,263.35,263.4297235,252083,1713,66406155,110034,43.65,1.75,-0.65
26-Dec-17,263,265.3,262.8,264,264.1878354,291782,2033,77085255,106444,36.48,2.5,1
27-Dec-17,265.45,265.45,262,262.35,263.3231898,248993,3030,65565631,93081,37.38,3.45,-3.1
28-Dec-17,263.5,263.7,260.1,261.3,262.2250639,386588,2633,101373063,188740,48.82,3.6,-2.2
29-Dec-17,263,263.95,262.2,263.1,263.1418656,374453,3389,98534261,179400,47.91,1.75,0.1
01-Jan-18,263.3,266.95,262.1,262.95,265.6780299,1019486,3666,270855032,705910,69.24,4.85,-0.35
02-Jan-18,264.2,264.2,260.55,260.95,261.7703379,321076,2548,84048173,140672,43.81,3.65,-3.25
03-Jan-18,261,262.7,260.6,261,261.5684577,288806,2209,75542540,117852,40.81,2.1,0
04-Jan-18,262,262.6,260.2,260.65,261.0763265,811317,3286,211815662,536556,66.13,2.4,-1.35
05-Jan-18,261,263.5,261,262.9,262.3711543,1554173,3366,407770164,1077906,69.36,2.5,1.9
08-Jan-18,263.05,266.8,263.05,265.35,265.3819755,583349,4499,154810310,321844,55.17,3.75,2.3
09-Jan-18,265.5,271.7,264.7,270.5,269.3270674,1031500,7446,277810870,400867,38.86,7,5
10-Jan-18,273,273.8,268.9,269.3,271.2028172,734997,4962,199333257,341182,46.42,4.9,-3.7
11-Jan-18,269.9,270.95,268.3,269.9,269.7908297,723573,3660,195213360,453923,62.73,2.65,0
12-Jan-18,270,271.35,266.25,267.5,269.6698248,1422678,6218,383653327,216719,15.23,5.1,-2.5
15-Jan-18,267.6,270.8,266.75,267.25,268.6539171,546713,2907,146876589,220076,40.25,4.05,-0.35
16-Jan-18,267.5,269,260.8,261.75,263.5125226,615290,4176,162136620,249487,40.55,8.2,-5.75
17-Jan-18,261.8,266.8,259.6,265.9,261.8733928,1579973,3916,413752890,1112084,70.39,7.2,4.1
18-Jan-18,267.8,275,266.7,272.85,272.5028216,1522876,10329,414988007,553378,36.34,8.3,5.05
19-Jan-18,276.2,277.4,271.4,273.85,274.3930141,1581302,10055,433898222,530179,33.53,6,-2.35
22-Jan-18,275,275,271.85,273.35,272.8095893,407703,4415,111225288,168084,41.23,3.15,-1.65
23-Jan-18,273.35,277,273.35,276.3,275.6464382,786960,6130,216922721,362817,46.1,3.65,2.95
24-Jan-18,277,282,276.1,281.5,279.8272755,1863598,11135,521485551,1250056,67.08,5.9,4.5
25-Jan-18,281.5,282.8,277.05,280.85,280.2689252,1437188,11010,402799136,1030080,71.67,5.75,-0.65
29-Jan-18,281,283.1,275.05,275.65,279.9347125,1640849,5404,459330593,1291718,78.72,8.05,-5.35
30-Jan-18,275.65,276.35,271.7,275.4,274.3497023,607002,3568,166530818,236387,38.94,4.65,-0.25
31-Jan-18,273.5,275.85,269.95,271.25,272.0232996,718297,3872,195393520,341607,47.56,5.9,-2.25
01-Feb-18,272,290.15,267.65,275.35,278.6936872,7487545,22776,2086731524,4810212,64.24,22.5,3.35
02-Feb-18,275.75,285.35,271,275.3,277.967207,1819141,14370,505661543,520266,28.6,14.35,-0.45
05-Feb-18,272.4,281.8,272.25,279.25,278.505151,1032913,9950,287671591,456437,44.19,9.55,6.85
06-Feb-18,271.75,277.15,265,273.7,273.4687741,1391649,9210,380572546,627381,45.08,12.15,1.95
07-Feb-18,276.35,278.05,273.9,274.75,275.7416652,649715,4014,179153496,215073,33.1,4.15,-1.6
08-Feb-18,276,276.9,272.7,273.65,275.2644639,910442,3166,250612329,651003,71.5,4.2,-2.35
09-Feb-18,271,272.5,268,271.3,269.5386006,1928440,5936,519789019,1330013,68.97,4.5,0.3
12-Feb-18,271.4,273.85,268.95,269.85,270.967244,444804,3796,120527314,177765,39.96,4.9,-1.55
14-Feb-18,271,272,265,266.75,268.2246551,560290,4125,150283592,225976,40.33,7,-4.25
15-Feb-18,267,269.8,265,268.3,267.6718295,366011,2990,97970834,112019,30.61,4.8,1.3
16-Feb-18,270,270.7,265.75,266.35,267.3390982,383880,2875,102626133,146576,38.18,4.95,-3.65
19-Feb-18,266.4,267.75,262.35,263.55,263.9648272,750978,3740,198231778,472705,62.95,5.4,-2.85
20-Feb-18,264.15,266.05,262.1,262.8,264.7454139,1163123,6564,307931480,451171,38.79,3.95,-1.35
21-Feb-18,263.3,268.85,263.3,268.05,266.9200338,588649,4538,157122211,305463,51.89,5.55,4.75
22-Feb-18,268.85,268.95,265.4,267.15,267.0686967,498452,2921,133120926,234326,47.01,3.55,-1.7
23-Feb-18,267.2,270,266.15,269.05,268.5107401,429745,3483,115391148,237768,55.33,3.85,1.85
26-Feb-18,269,269.4,266.05,266.55,267.77321,360642,3004,96570266,240172,66.6,3.35,-2.45
27-Feb-18,269,269,265.5,266.2,266.1436511,412054,2669,109665556,249620,60.58,3.5,-2.8
28-Feb-18,265,267,263.1,265.1,264.8459508,419762,3969,111172266,254054,60.52,3.9,0.1
01-Mar-18,264.55,265.95,262.95,263.6,263.5962343,432964,4171,114127680,270888,62.57,3,-0.95
05-Mar-18,263.5,263.6,260,260.25,260.984014,439885,3413,114802953,327176,74.38,3.6,-3.25
06-Mar-18,262.65,262.65,255.5,256.5,259.2034683,456243,4860,118259768,286330,62.76,7.15,-6.15
07-Mar-18,256,260.4,253.4,259.2,258.4796821,654988,4917,169301090,270808,41.35,7,3.2
08-Mar-18,260,262,258,258.5,260.7963223,722838,2904,188513492,482118,66.7,4,-1.5
09-Mar-18,259.7,261,258.3,259.4,259.9152218,423635,2624,110109185,236744,55.88,2.7,-0.3
12-Mar-18,263,271,262.9,270,267.7585405,1113106,8473,298043638,502301,45.13,8.1,7
13-Mar-18,270,271.7,266.65,268.65,269.0538909,1988609,4250,535042989,1573343,79.12,5.05,-1.35
14-Mar-18,267.55,269,265.4,267.9,267.4243283,504449,2169,134901935,240491,47.67,3.6,0.35
15-Mar-18,267.85,269.75,265.1,265.55,267.8473065,1126171,2020,301641869,236052,20.96,4.65,-2.3
16-Mar-18,264.25,265.95,258.85,260.65,261.7733784,577103,4252,151070202,341585,59.19,7.1,-3.6
19-Mar-18,260.65,262.2,258.4,259.3,260.5429268,563518,8404,146820629,307769,54.62,3.8,-1.35
20-Mar-18,258.8,259.85,257.6,258.75,258.6795915,697884,3997,180528348,402560,57.68,2.25,-0.05
21-Mar-18,259.5,261.6,258,258.9,259.8900048,680975,3970,176978596,394008,57.86,3.6,-0.6
22-Mar-18,259.8,261.35,257.8,258.1,258.4598418,2140258,3335,553170744,1878721,87.78,3.55,-1.7
23-Mar-18,256.45,258.6,255,256.3,256.9515879,518156,3586,133141007,239229,46.17,3.6,-0.15
26-Mar-18,251.3,265.75,251.3,257.95,256.8477157,1276612,4649,327894876,644486,50.48,14.45,6.65
27-Mar-18,258,263.8,257,258.5,258.4714842,668402,3402,172762857,255745,38.26,6.8,0.5
28-Mar-18,257.7,261.7,255.05,255.9,257.3117291,440639,2989,113381583,217359,49.33,6.65,-1.8
02-Apr-18,258.5,259,255.5,258.65,257.3405244,202382,2656,52081090,70406,34.79,3.5,0.15
03-Apr-18,258.5,259.9,257.25,258.4,258.2979826,270046,2065,69752337,125844,46.6,2.65,-0.1
04-Apr-18,259.05,259.9,257,258.65,258.3905674,653946,2743,168973478,419818,64.2,2.9,-0.4
05-Apr-18,257,260,256.3,259.5,258.8552921,354224,2705,91692757,135621,38.29,3.7,2.5
06-Apr-18,260.1,261.9,260,260.6,260.9776278,262915,2311,68614933,98500,37.46,1.9,0.5
09-Apr-18,262,266.7,261,265.95,264.3460015,514674,3676,136052014,203805,39.6,5.7,3.95
10-Apr-18,266,268.2,265.4,266.35,266.6582033,412011,4335,109866113,173916,42.21,2.8,0.35
11-Apr-18,266.5,267.3,263.3,264.8,264.9356509,1220079,1915,323242424,90336,7.4,4,-1.7
12-Apr-18,264.1,264.95,261,262,262.5287916,233228,2772,61229065,107295,46,3.95,-2.1
13-Apr-18,262.2,263.25,260,260.8,261.4051855,225398,1672,58920206,101287,44.94,3.25,-1.4
16-Apr-18,261.45,264.9,260.75,264.5,263.6144562,302998,2510,79874653,137280,45.31,4.15,3.05
17-Apr-18,265,268.1,262.95,267.75,265.807951,530875,3349,141110796,190799,35.94,5.15,2.75
18-Apr-18,268.85,278.5,268.3,275.3,274.6479795,1451015,12719,398518338,603258,41.57,10.2,6.45
19-Apr-18,277.8,279.9,275.25,277,277.1547113,493474,3477,136768644,187778,38.05,4.65,-0.8
20-Apr-18,276.7,279.05,273.65,275.95,275.4196394,1211190,3414,333585513,918997,75.88,5.4,-0.75
23-Apr-18,276.25,277.1,274.55,275.15,275.8046997,346021,2177,95434218,128482,37.13,2.55,-1.1
24-Apr-18,276.5,278.8,275,275.65,277.0652627,386668,2331,107132271,148208,38.33,3.8,-0.85
25-Apr-18,275.1,276.3,272.85,273.9,274.7899611,1058199,2032,290782462,893856,84.47,3.45,-1.2
26-Apr-18,274.2,279,273.05,278.3,275.6136391,588618,4375,162231149,336042,57.09,5.95,4.1
27-Apr-18,280,281,278.15,279.25,279.5860567,434905,2973,121593374,150292,34.56,2.85,-0.75
30-Apr-18,280,283.75,279.55,281.45,282.1754747,298989,2979,84367363,113103,37.83,4.2,1.45
02-May-18,281.5,288.4,280.5,287.15,285.0663273,983065,6983,280238729,427739,43.51,7.9,5.65
03-May-18,289,289.55,282.35,284.25,285.2925952,503549,3908,143658801,209578,41.62,7.2,-4.75
04-May-18,286.5,286.5,276,277.5,279.9216191,466287,3715,130523812,167239,35.87,10.5,-9
07-May-18,278,282.85,276.1,281.9,280.6368441,425126,2683,119306019,185235,43.57,6.75,3.9
08-May-18,283,285.85,281.6,282.35,283.4127065,339418,2296,96195374,124665,36.73,4.25,-0.65
09-May-18,282,284,281.4,282.25,282.9978245,253276,2348,71676557,122526,48.38,2.6,0.25
10-May-18,281.6,283.85,277.5,279.85,279.9257251,340694,2458,95369015,130551,38.32,6.35,-1.75
11-May-18,281,284.65,279.85,283.9,281.6543643,328366,3239,92485717,163440,49.77,4.8,2.9
14-May-18,282.05,287.2,282.05,284.45,284.6035481,2418210,2863,688231146,197373,8.16,5.15,2.4
15-May-18,284.45,286,281.15,281.8,283.0312792,389971,2989,110373991,128645,32.99,4.85,-2.65
16-May-18,281.8,288.6,279.65,285.95,284.3799774,952104,7148,270759314,273179,28.69,8.95,4.15
17-May-18,288,288.85,278.5,279,282.6315875,592982,5265,167595444,234804,39.6,10.35,-9
18-May-18,279.6,285.4,276.1,282.15,282.1425709,709780,6771,200259154,305765,43.08,9.3,2.55
21-May-18,284,284,278.7,282.1,281.9718179,277410,2285,78221802,100812,36.34,5.3,-1.9
22-May-18,281.5,282.8,278.35,278.8,280.0487621,182211,1734,51027965,68926,37.83,4.45,-2.7
23-May-18,279,280,272.8,273.45,275.3075491,322911,3410,88899836,139479,43.19,7.2,-5.55
24-May-18,274.1,276.8,271.75,274.8,274.7201688,301471,2763,82820164,85006,28.2,5.05,0.7
25-May-18,273.4,274.25,268.7,271.95,271.7967459,718967,8090,195412891,304507,42.35,5.55,-1.45
28-May-18,274.4,277.4,272,275.15,275.6765847,375109,3104,103408768,169278,45.13,5.4,0.75
29-May-18,274.9,277.7,272.55,273.45,274.838094,358319,2690,98479711,157481,43.95,5.15,-1.45
30-May-18,272.5,273.65,270.9,271.8,271.6044525,279486,1981,75909642,83547,29.89,2.75,-0.7
31-May-18,271.8,272.5,270.05,271.6,271.266839,266464,1919,72282847,93730,35.18,2.45,-0.2
01-Jun-18,271.65,272,269.1,269.75,270.1478149,313419,2516,84669458,140749,44.91,2.9,-1.9
04-Jun-18,270,272.2,267.5,268.4,269.0939672,4856409,4155,1306830364,4607150,94.87,4.7,-1.6
05-Jun-18,270,270.35,266.8,267.3,268.0557185,289868,2027,77700775,155066,53.5,3.55,-2.7
06-Jun-18,268,271.9,267.6,270.6,269.2700996,379360,2551,102150305,191623,50.51,4.3,2.6
07-Jun-18,270.2,272.05,270.2,270.5,271.0752599,432873,2782,117341161,203835,47.09,1.85,0.3
08-Jun-18,271.1,271.8,267.05,267.85,268.4471744,285193,3095,76559255,140804,49.37,4.75,-3.25
11-Jun-18,267.85,271.7,267.85,269.15,270.4801452,261725,2697,70791416,110496,42.22,3.85,1.3
12-Jun-18,269.25,274,269.25,270,271.1970771,805147,3440,218353513,491081,60.99,4.75,0.75
13-Jun-18,273.9,273.9,267.6,268.1,270.3400045,724111,2790,195756171,452669,62.51,6.3,-5.8
14-Jun-18,267,268.8,266.05,267.2,267.0927936,650821,3640,173829599,350592,53.87,2.75,0.2
15-Jun-18,267.5,267.6,263.8,264.5,264.9842452,358620,6648,95028650,163466,45.58,3.8,-3
18-Jun-18,264.5,265.6,263.75,264.15,264.4895406,277979,3301,73522538,123854,44.56,1.85,-0.35
19-Jun-18,263.55,267.3,263.05,266.15,264.9011676,276043,2625,73124113,134615,48.77,4.25,2.6
20-Jun-18,266.95,266.95,263.05,263.75,264.1480637,350356,3247,92545859,194868,55.62,3.9,-3.2
21-Jun-18,264.8,264.8,260.25,260.8,261.5640113,294987,2689,77157983,158102,53.6,4.55,-4
22-Jun-18,260.25,266.45,260.15,265.15,265.0326024,576583,5622,152813293,278202,48.25,6.3,4.9
25-Jun-18,265.15,265.3,260,262.55,261.9813961,579772,3549,151889478,387315,66.8,5.3,-2.6
26-Jun-18,262,266,262,264.2,264.6466332,492593,3678,130363079,290588,58.99,4,2.2
27-Jun-18,265.4,265.8,261.55,262.4,262.301591,380197,3930,99726278,194083,51.05,4.25,-3
28-Jun-18,263.5,263.8,258.9,260.05,262.212073,548066,2728,143709522,365302,66.65,4.9,-3.45
29-Jun-18,262.5,266.75,260.3,266.05,264.503589,673996,5435,178274361,259396,38.49,6.45,3.55
02-Jul-18,268,268,260.35,263.05,262.6943261,661077,4325,173661177,411693,62.28,7.65,-4.95
03-Jul-18,264,266.4,261.4,265.15,263.7006083,313970,2483,82794080,171284,54.55,5,1.15
04-Jul-18,266,266.4,262.45,264.45,263.6987797,2543268,2277,670656668,2365820,93.02,3.95,-1.55
05-Jul-18,264.95,273.55,263.55,272.3,270.9820237,1220832,7729,330823526,534631,43.79,10,7.35
06-Jul-18,272.95,274.35,270.3,272.3,272.7900349,711204,4540,194009364,294302,41.38,4.05,-0.65
09-Jul-18,275,275.75,272.5,274.25,273.9335763,521380,3713,142823488,193460,37.11,3.25,-0.75
10-Jul-18,275.5,276.9,273.2,276.25,275.438048,428138,3202,117925495,185451,43.32,3.7,0.75
11-Jul-18,276.5,279.9,274.05,275.65,277.6151453,755641,4651,209777386,257444,34.07,5.85,-0.85
12-Jul-18,276.2,278.1,273.3,276.75,276.1374125,513978,4582,141928555,182202,35.45,4.8,0.55
13-Jul-18,277,278.2,269.75,270.4,271.6617493,531919,3239,144502046,235895,44.35,8.45,-6.6
16-Jul-18,271,273.15,269.95,271.5,271.441018,596869,4015,162014729,225693,37.81,3.2,0.5
17-Jul-18,271.7,273,269.25,269.8,270.527362,546141,4197,147746084,229053,41.94,3.75,-1.9
18-Jul-18,271.7,271.7,267.5,268.3,269.1193645,408857,2618,110031336,179910,44,4.2,-3.4
19-Jul-18,269.9,274.45,266.2,272.9,271.7918526,810440,4098,220270989,390489,48.18,8.25,3
20-Jul-18,272.9,274.8,271.1,273.45,273.1881793,728486,3801,199013764,244121,33.51,3.7,0.55
23-Jul-18,276,286.5,276,283.85,283.222505,1524132,10507,431668483,517542,33.96,10.5,7.85
24-Jul-18,285.7,287,283.55,284.25,284.5109659,2654285,5574,755173189,2101994,79.19,3.45,-1.45
25-Jul-18,284.7,286.9,283.2,286.05,285.6661214,668234,4864,190891815,319201,47.77,3.7,1.35
26-Jul-18,287,290.9,284.9,287.15,288.0309067,933002,6893,268733412,312820,33.53,6,0.15
27-Jul-18,300,307,294.85,302.2,301.7507225,3471858,24427,1047635660,1032701,29.74,12.15,2.2
30-Jul-18,302.7,303.6,300,301.1,301.6247042,960898,5252,289830575,510583,53.14,3.6,-1.6
31-Jul-18,301.45,301.6,295.7,297.2,298.0413012,529355,4356,157769653,219402,41.45,5.9,-4.25
01-Aug-18,297.5,302.95,296.1,301.7,299.1445211,693546,5342,207470486,271999,39.22,6.85,4.2
02-Aug-18,301,303.5,297.5,299.05,300.5856628,579738,3981,174260931,221550,38.22,6,-1.95
03-Aug-18,299.1,305.5,298.5,303.75,302.3811523,926480,7306,280150090,362843,39.16,7,4.65
06-Aug-18,304.2,306.9,300,301.6,303.223117,785310,6506,238124146,315995,40.24,6.9,-2.6
07-Aug-18,304,304,300,301.05,301.8157569,350374,5000,105748394,154133,43.99,4,-2.95
08-Aug-18,301,302.5,299.85,300.4,301.3067339,943453,4773,284268742,589714,62.51,2.65,-0.6
09-Aug-18,301,304.15,300.35,301.85,301.9446819,1095356,3840,330736919,729178,66.57,3.8,0.85
10-Aug-18,302,306.8,301.35,304.7,304.729235,726438,5598,221366896,306128,42.14,5.45,2.7
13-Aug-18,304.8,307.7,303.6,305.9,305.8377218,981142,6074,300070234,436268,44.47,4.1,1.1
14-Aug-18,306.35,310.25,306.35,307.25,308.1559988,1054867,9684,325063594,486089,46.08,3.9,0.9
16-Aug-18,308.15,308.65,305.2,306.8,306.9748332,641877,4714,197040085,412833,64.32,3.45,-1.35
17-Aug-18,308,315.2,308,313.75,313.353023,1210176,9957,379212308,602572,49.79,7.2,5.75
20-Aug-18,314.95,314.95,311.45,313.1,313.2616316,781320,4421,244757578,447404,57.26,3.5,-1.85
21-Aug-18,315,317,312,312.75,313.5992397,768609,4621,241035198,417482,54.32,5,-2.25
23-Aug-18,314,316.45,307.6,311.35,311.5929632,667124,5220,207871144,312950,46.91,8.85,-2.65
24-Aug-18,311.5,313,306.9,310.35,309.4216844,527117,3851,163101430,274895,52.15,6.1,-1.15
27-Aug-18,312.8,314.9,310.7,313.45,313.7267039,461547,3671,144799619,246263,53.36,4.2,0.65
28-Aug-18,314,315.5,310.9,311.5,313.1245167,896386,4538,280680433,523547,58.41,4.6,-2.5
29-Aug-18,312.4,315.25,310,312.7,312.3957739,674759,4320,210791860,290434,43.04,5.25,0.3
30-Aug-18,314.55,320,314,319.2,317.6950079,1117842,9567,355132823,396187,35.44,6,4.65
31-Aug-18,321.2,322.6,317.3,319.15,320.3682727,718788,6425,230276870,244995,34.08,5.3,-2.05
03-Sep-18,322.35,322.7,310.8,312.75,317.1471768,561223,5172,177990290,215266,38.36,11.9,-9.6
04-Sep-18,313,313,307,309.65,308.81947,676735,5162,208988944,266692,39.41,6,-3.35
05-Sep-18,310.2,314,309.15,310.2,311.1061196,806354,6547,250861664,218939,27.15,4.85,0
06-Sep-18,311,311.5,308.1,310.7,310.1146536,401313,3216,124453042,175702,43.78,3.4,-0.3
07-Sep-18,312,313.15,308.15,310.4,311.183066,563518,4127,175357259,250833,44.51,5,-1.6
10-Sep-18,311,312,305.25,306.2,306.686746,501711,4920,153868114,212658,42.39,6.75,-4.8
11-Sep-18,306.9,306.9,295.7,297.25,298.1811671,1013037,8948,302068555,312260,30.82,11.2,-9.65
12-Sep-18,297.25,308.4,295.65,306.5,300.0087477,1851572,7294,555487797,1189002,64.22,12.75,9.25
14-Sep-18,307.8,308.6,305.1,306.95,306.4126162,2061085,6425,631542447,1587852,77.04,3.5,-0.85
17-Sep-18,305.9,306.05,301.1,301.9,303.247508,405805,6257,123059355,185266,45.65,4.95,-4
18-Sep-18,304.5,304.5,299.5,302.6,302.3929152,487072,5131,147287122,207121,42.52,5,-1.9
19-Sep-18,305,305.3,298.1,299.65,301.974692,785442,6638,237183606,500135,63.68,7.2,-5.35
21-Sep-18,300.95,306.25,300.95,303.75,303.6942123,1190424,7812,361524879,629321,52.87,5.3,2.8
24-Sep-18,305,306.25,292.4,297.9,299.4610863,982688,10314,294276816,412907,42.02,13.85,-7.1
25-Sep-18,297.9,302.2,292.5,301.05,298.251383,937967,53174,279749955,438413,46.74,9.7,3.15
26-Sep-18,302.2,302.55,289.95,293,293.4145508,1339474,19746,393021162,704699,52.61,12.6,-9.2
27-Sep-18,293,295,289.5,293.25,291.9294209,617591,5899,180292983,197119,31.92,5.5,0.25
28-Sep-18,294.8,299.9,291.8,296.7,295.5971138,1732988,12140,512266251,655496,37.82,8.1,1.9
01-Oct-18,300.65,302.95,293.5,296.7,296.145366,808160,4787,239332839,430914,53.32,9.45,-3.95
03-Oct-18,299.7,299.7,294,294.6,296.6539374,566753,4453,168129509,187822,33.14,5.7,-5.1
04-Oct-18,292.5,295.65,285.55,287.25,290.1438092,842693,6067,244502157,374684,44.46,10.1,-5.25
05-Oct-18,287,287.55,275.95,277.15,280.2797567,637647,7006,178719546,209486,32.85,11.6,-9.85
08-Oct-18,279.3,279.3,269.55,273.45,273.6838229,767554,7758,210067113,175594,22.88,9.75,-5.85
09-Oct-18,276,276,267.3,268.5,270.7434802,431764,5676,116897288,156160,36.17,8.7,-7.5
10-Oct-18,270,271.3,267.35,270.05,269.6852363,473282,5154,127637168,183247,38.72,3.95,0.05
11-Oct-18,265.55,269.25,263.6,265.2,265.8179852,787112,9358,209228526,307924,39.12,5.65,-0.35
12-Oct-18,268.9,277.5,267.75,274.7,274.4100822,572929,5475,157217494,130301,22.74,9.75,5.8
15-Oct-18,278,282.75,276.3,281.6,279.5330958,724986,7771,202657581,216753,29.9,6.45,3.6
16-Oct-18,283.6,283.8,276.6,282.55,280.7412174,611351,4692,171631424,129180,21.13,7.2,-1.05
17-Oct-18,285.5,291.95,281.9,286.35,288.0814092,2706206,11705,779607638,1467315,54.22,10.05,0.85
19-Oct-18,285.8,291,284.9,288.45,288.2355336,728032,4687,209844692,240341,33.01,6.1,2.65
22-Oct-18,292.7,292.95,287.3,288.25,290.5153954,678155,4583,197014468,222831,32.86,5.65,-4.45
23-Oct-18,286.9,291,283.6,285.9,287.391345,616773,5180,177255222,189569,30.74,7.4,-1
24-Oct-18,287.3,289.6,285.9,287.75,287.5216872,593277,3330,170580004,197179,33.24,3.7,0.45
25-Oct-18,286,289.5,284.6,287.25,287.1697861,465315,3319,133624409,153645,33.02,4.9,1.25
26-Oct-18,290.55,290.55,276.25,280.65,281.2054541,1317462,11729,370477500,219041,16.63,14.3,-9.9
29-Oct-18,282,285,279,283.55,282.6898532,558787,4621,157963415,90598,16.21,6,1.55
30-Oct-18,283,283.55,278.2,279,280.7892176,412449,6350,115811232,155277,37.65,5.35,-4
31-Oct-18,280.9,280.9,273.15,279.8,277.276006,496058,4251,137544981,124314,25.06,7.75,-1.1
01-Nov-18,281.1,281.9,274.85,277.5,276.9320072,601534,5146,166584018,196846,32.72,7.05,-3.6
02-Nov-18,278.5,285,278.25,282.35,282.4740059,855443,6364,241640411,323122,37.77,6.75,3.85
05-Nov-18,286.4,286.4,278.4,279.6,280.713232,425145,3849,119343827,174342,41.01,8,-6.8
06-Nov-18,281.5,281.9,276.4,277.4,278.0483399,404014,3364,112335422,127829,31.64,5.5,-4.1
07-Nov-18,280.1,281,278.95,280.15,279.9280552,136841,2178,38305635,88064,64.35,2.05,0.05
09-Nov-18,279.75,280,276,277.25,277.5044087,500709,6086,138948955,205773,41.1,4,-2.5
12-Nov-18,278.45,278.45,273.25,273.85,275.4439673,399142,7085,109941256,172646,43.25,5.2,-4.6
13-Nov-18,274.95,277.85,273.25,276.9,275.2702226,348187,3862,95845513,162159,46.57,4.6,1.95
14-Nov-18,278.5,278.5,274.7,276.45,276.5310706,312369,4293,86379734,151576,48.52,3.8,-2.05
15-Nov-18,277,279.2,273.5,274.45,276.7079313,2342887,7078,648295415,469848,20.05,5.7,-2.55
16-Nov-18,277,278.15,275.05,276.25,276.4615163,533862,3678,147592298,211144,39.55,3.1,-0.75
19-Nov-18,277.5,284.65,276.5,283.9,280.3642838,1691604,7099,474265344,1002789,59.28,8.15,6.4
20-Nov-18,284.45,286.35,281.7,283.6,284.2190703,419176,3585,119137813,122793,29.29,4.65,-0.85
21-Nov-18,283.1,284.7,280.1,281.05,281.9917719,225812,3196,63677126,59793,26.48,4.6,-2.05
22-Nov-18,284,284.3,279.55,280.45,281.92672,339165,3097,95619676,106302,31.34,4.75,-3.55
26-Nov-18,281.25,286.25,280.8,285.65,283.7236859,448942,3805,127375479,142783,31.8,5.45,4.4
27-Nov-18,286.9,287.05,282.85,284.75,284.3554605,318688,3082,90620673,86265,27.07,4.2,-2.15
28-Nov-18,286.3,287.8,281,282.05,284.2130277,602438,3661,171220728,171412,28.45,6.8,-4.25
29-Nov-18,284.8,288.85,283.55,287.35,287.050147,528406,3873,151679020,191418,36.23,5.3,2.55
30-Nov-18,289.9,290.05,285.2,286.25,287.5141784,362207,2456,104139648,121922,33.66,4.85,-3.65
03-Dec-18,287.25,289.4,282.6,283,285.7111334,467773,2921,133647954,184777,39.5,6.8,-4.25
04-Dec-18,282.85,283.25,281.05,281.85,282.0647448,433564,2323,122293119,225385,51.98,2.2,-1
05-Dec-18,281.85,281.9,274.55,275.25,276.4625027,497969,7862,137669756,227459,45.68,7.35,-6.6
06-Dec-18,275.25,275.25,271.3,272.1,272.80941,2089575,4955,570055723,321198,15.37,3.95,-3.15
07-Dec-18,275,276.15,273.15,274.1,274.3231851,671875,2582,184310890,133342,19.85,3,-0.9
10-Dec-18,273.5,273.5,269.25,269.7,270.0952445,1562001,5231,421889042,1173418,75.12,4.25,-3.8
11-Dec-18,269.9,275.65,268.2,274.65,272.2087675,357685,3395,97364993,88485,24.74,7.45,4.75
12-Dec-18,276.95,277,272.7,275.65,275.1203639,411502,2675,113212580,122063,29.66,4.3,-1.3
13-Dec-18,279.3,279.3,273.5,275.6,276.515334,413460,3381,114328030,145514,35.19,5.8,-3.7
14-Dec-18,275,277.35,273.7,275.65,275.9191859,1606416,2715,443240995,364384,22.68,3.65,0.65
17-Dec-18,275.75,281.35,275.75,280.1,278.8948263,685152,3959,191085348,400914,58.51,5.6,4.35
18-Dec-18,280.15,280.7,277.1,278,278.1957828,321116,2892,89333117,114822,35.76,3.6,-2.15
19-Dec-18,280,283.95,278.75,282.9,282.1027137,706167,4546,199211627,310683,44,5.2,2.9
20-Dec-18,280.55,284.25,280.55,282.2,282.3802382,329717,2376,93105565,112614,34.15,3.7,1.65
21-Dec-18,282.35,284,275.6,276.5,279.1043312,410970,3128,114703507,135356,32.94,8.4,-5.85
24-Dec-18,278,280.8,275.65,276.25,278.5250475,370995,2689,103331400,91093,24.55,5.15,-1.75
26-Dec-18,276,278.45,274.75,276.7,276.9529684,416741,3251,115417657,110838,26.6,3.7,0.7
27-Dec-18,284,284,277.6,279.75,279.6397359,421624,2874,117902824,168804,40.04,6.4,-4.25
28-Dec-18,279.75,283.95,279.55,281.95,282.1610257,526649,2968,148599822,246713,46.85,4.4,2.2
31-Dec-18,283.5,284,281.2,281.65,282.4303684,407516,2287,115094894,202136,49.6,2.8,-1.85
01-Jan-19,283.75,283.75,279.85,282.85,281.463527,230554,2146,64892542,94207,40.86,3.9,-0.9
02-Jan-19,282.9,283.35,277.75,280.5,280.2446306,626234,3834,175498716,250886,40.06,5.6,-2.4
03-Jan-19,280.65,282.25,277.8,278.9,279.45009,361581,3448,101043843,146407,40.49,4.45,-1.75
04-Jan-19,279.5,282.8,279.5,280.75,280.7869133,601253,3264,168823974,214917,35.74,3.3,1.25
07-Jan-19,283.35,284.9,281.2,281.75,282.6069761,457158,2830,129196040,167118,36.56,3.7,-1.6
08-Jan-19,281.75,285.15,281.45,284.2,283.5649963,310110,3480,87936341,126866,40.91,3.7,2.45
09-Jan-19,284.2,291.9,284.2,290.7,289.1689037,1159477,9479,335284693,659774,56.9,7.7,6.5
10-Jan-19,290.7,293.65,289,289.55,291.2148539,685987,4871,199769604,256482,37.39,4.65,-1.15
11-Jan-19,292,296,291.2,295.4,294.1378437,787022,5885,231492954,317034,40.28,4.8,3.4
14-Jan-19,295.4,295.4,290.05,294.3,292.4823335,489769,3492,143248780,241195,49.25,5.35,-1.1
15-Jan-19,295.1,297.35,294.1,296.6,296.185371,475576,4619,140858654,233149,49.02,3.25,1.5
16-Jan-19,297,297,291.8,294,293.949019,573155,3463,168478350,211702,36.94,5.2,-3
17-Jan-19,295.95,295.95,290.15,293.9,292.4977521,615473,4126,180024469,257083,41.77,5.8,-2.05
18-Jan-19,294,294.95,290.5,291.1,291.6082296,313842,2141,91518910,118431,37.74,4.45,-2.9
21-Jan-19,291,292.5,288.65,289.65,291.3930971,656914,3000,191420205,475854,72.44,3.85,-1.35
22-Jan-19,290,291.7,285.2,289.75,287.8566183,323793,3169,93205958,117798,36.38,6.5,-0.25
23-Jan-19,292,294.3,275,277.7,285.6072226,1855216,14874,529863089,586339,31.6,19.3,-14.3
24-Jan-19,279.45,283.3,278.05,278.9,280.6343795,1635584,10388,459001101,729899,44.63,5.25,-0.55
25-Jan-19,279.1,282.6,278.5,279.25,280.7719944,439555,5227,123414734,149451,34,4.1,0.15
28-Jan-19,279.3,279.7,274.1,274.65,276.2236516,640836,5142,177014060,206695,32.25,5.6,-4.65
29-Jan-19,276,279,274.65,278.55,276.5570736,546163,6010,151045241,265113,48.54,4.35,2.55
30-Jan-19,280,280.3,273.75,274.8,275.2984034,730444,5464,201090067,320287,43.85,6.55,-5.2
31-Jan-19,277.4,279.5,273.7,278.75,276.8607209,950286,5916,263096867,436356,45.92,5.8,1.35
01-Feb-19,280,284.9,279.25,280.8,281.6256448,1350645,6958,380376269,521514,38.61,5.65,0.8
04-Feb-19,281.7,281.7,276.2,276.9,277.5792297,412232,2914,114427041,158908,38.55,5.5,-4.8
05-Feb-19,277.2,277.9,272.85,274.4,274.770024,564585,4283,155131034,268981,47.64,5.05,-2.8
06-Feb-19,274.4,278.1,274.4,277.55,276.7941094,492412,3837,136296741,265823,53.98,3.7,3.15
07-Feb-19,278.25,280.5,277.1,279.75,278.648205,521892,2959,145424269,260242,49.87,3.4,1.5
08-Feb-19,281,281,274.6,275.85,277.4126458,247481,2140,68654359,100533,40.62,6.4,-5.15
11-Feb-19,278.3,278.3,268.5,277.45,275.0199125,639298,4479,175819680,296438,46.37,9.8,-0.85
12-Feb-19,277.45,280.45,274.5,275.45,277.4905677,481271,3183,133548163,192818,40.06,5.95,-2
13-Feb-19,279.2,283.55,275.35,277.1,279.1181727,784496,9324,218967090,261667,33.35,8.2,-2.1
14-Feb-19,278,280,276.9,277.9,278.3358493,655544,5274,182461396,262778,40.09,3.1,-0.1
15-Feb-19,279,280.6,275.5,279.6,278.5378824,250631,2761,69810228,72264,28.83,5.1,0.6
18-Feb-19,280.5,282.15,273.75,274.15,276.7569829,775398,5394,214596811,271348,34.99,8.4,-6.35
19-Feb-19,274.15,278.75,274,275.1,276.7460965,294348,3340,81459660,89286,30.33,4.75,0.95
20-Feb-19,277.5,278.4,274,275.85,275.1339858,441211,3625,121392141,199259,45.16,4.4,-1.65
21-Feb-19,276,277,274.1,274.9,274.9481841,375657,3092,103286210,199263,53.04,2.9,-1.1
22-Feb-19,276,276,273.25,274.3,274.1560671,774462,5115,212323456,203016,26.21,2.75,-1.7
25-Feb-19,275,277.2,273.3,276.75,275.919877,497360,2951,137231510,215215,43.27,3.9,1.75
26-Feb-19,276,276.75,274.05,274.95,275.5870423,544201,2800,149974744,262546,48.24,2.7,-1.05
27-Feb-19,276.5,278.75,273.85,275.05,275.69458,480774,3126,132546786,197216,41.02,4.9,-1.45
28-Feb-19,276.7,276.9,274.35,276.15,275.6830047,480004,2937,132328945,262530,54.69,2.55,-0.55
01-Mar-19,277,278.65,276.1,277.8,277.1842213,689752,4140,191188371,326037,47.27,2.55,0.8
05-Mar-19,279.1,283.6,276.2,282.65,280.8669861,655473,6592,184100726,298863,45.6,7.4,3.55
06-Mar-19,284.5,288.9,284.5,285.45,286.4202224,911239,8165,260997277,384381,42.18,4.4,0.95
07-Mar-19,285.9,290.9,285.6,290.05,289.0233675,530053,4399,153197703,221274,41.75,5.3,4.15
08-Mar-19,290.95,293.15,289.2,292.05,291.4987688,535240,5528,156021801,176198,32.92,3.95,1.1
11-Mar-19,292,294.7,291.15,293,293.1425702,395307,3256,115881310,135922,34.38,3.55,1
12-Mar-19,293.05,295.55,293.05,294.55,294.4071262,410934,3380,120981898,168223,40.94,2.5,1.5
13-Mar-19,296,296.9,294.2,294.8,295.2618129,446651,3327,131878984,193903,43.41,2.7,-1.2
14-Mar-19,290.3,296,290.3,295.45,293.7327996,365819,8685,107453039,140831,38.5,5.7,5.15
15-Mar-19,296,296.75,289.5,290.95,293.0628125,346969,3080,101683711,93062,26.82,7.25,-5.05
18-Mar-19,291.1,294.1,291.1,292.25,292.3239104,774208,1933,226319510,592168,76.49,3,1.15
19-Mar-19,294.5,300,293.35,299.4,297.4969141,530965,3960,157960449,236855,44.61,6.65,4.9
20-Mar-19,300,301.6,296.65,298.5,298.6694994,578598,3099,172809575,220428,38.1,4.95,-1.5
22-Mar-19,300,300.4,296.3,297.7,297.5016736,535677,3990,159364804,223901,41.8,4.1,-2.3
25-Mar-19,297,297,293.45,295.2,294.6175285,282408,2031,83202347,88814,31.45,3.55,-1.8
26-Mar-19,295,296.3,291.2,293.2,293.3359747,406096,2150,119122566,128044,31.53,5.1,-1.8
27-Mar-19,293,296.35,291.75,293,293.9473176,416515,2831,122433467,196484,47.17,4.6,0
28-Mar-19,294.95,301.5,293.15,300,297.5835417,703876,8443,209461913,305721,43.43,8.35,5.05
29-Mar-19,301.05,302.95,295.8,296.7,297.4240044,595074,3617,176989292,222708,37.43,7.15,-4.35
01-Apr-19,297.25,299.5,296.5,297.3,297.9810297,303844,2884,90539748,85642,28.19,3,0.05
02-Apr-19,297,299.7,294.7,297.1,297.2699574,455872,2418,135517050,201612,44.23,5,0.1
03-Apr-19,297.8,298.45,295,295.85,297.1758836,428073,2109,127212972,190213,44.43,3.45,-1.95
04-Apr-19,295.95,296.9,293.95,294.5,294.8414923,183480,2258,54097517,64695,35.26,2.95,-1.45
05-Apr-19,295.2,296,292.75,294.65,294.2911281,2110638,1831,621142038,1986792,94.13,3.25,-0.55
08-Apr-19,293.5,295,291.7,292.55,292.5567998,374984,2713,109704119,225252,60.07,3.3,-0.95
09-Apr-19,292.55,296.7,292.4,296.35,295.6397349,849108,2700,251030064,622776,73.34,4.3,3.8
10-Apr-19,294.55,296.6,293.45,294,295.0616801,537159,1862,158495037,346567,64.52,3.15,-0.55
11-Apr-19,294.95,297.25,293,296.3,294.3533317,829068,6308,244038928,503228,60.7,4.25,1.35
12-Apr-19,296.4,306.4,295.6,305.6,299.3504895,4545577,9338,1360720700,618798,13.61,10.8,9.2
15-Apr-19,307,310,304.35,305.05,306.2358325,554033,4982,169664757,196447,35.46,5.65,-1.95
16-Apr-19,307.8,309.75,306.1,307.05,308.082627,447505,4005,137868516,187916,41.99,3.65,-0.75
18-Apr-19,307.3,308,303.4,304.35,305.3789281,397772,2675,121471187,168741,42.42,4.6,-2.95
22-Apr-19,304.35,305.15,301,301.7,302.6296961,466714,2131,141241516,272534,58.39,4.15,-2.65
23-Apr-19,303.7,304.6,301.65,303.35,303.8596158,535808,2224,162810413,361052,67.38,2.95,-0.35
24-Apr-19,303,307.2,298.7,306.45,301.7842819,384525,3212,116043601,215314,55.99,8.5,3.45
25-Apr-19,306.45,309.7,302.65,304.5,307.7709344,562411,3172,173093759,283526,50.41,7.05,-1.95
26-Apr-19,305.9,306.2,302.65,304.65,304.3365033,195059,1377,59363574,92024,47.18,3.55,-1.25
30-Apr-19,305,307.45,300.15,301.55,302.3811272,415423,4673,125616075,168524,40.57,7.3,-3.45
02-May-19,302,306.25,299,304.65,301.546962,2180861,6767,657632009,1228909,56.35,7.25,2.65
03-May-19,304,307.35,302.9,303.6,304.5355743,441625,2932,134490523,189198,42.84,4.45,-0.4
06-May-19,304,307.5,300.95,307,305.2649417,432631,2927,132067077,149820,34.63,6.55,3
07-May-19,308.1,309.55,301.45,302.35,305.7336558,598639,11122,183024090,256853,42.91,8.1,-5.75
08-May-19,300.85,303.2,298.6,300.75,301.3122729,166758,1713,50246232,62516,37.49,4.6,-0.1
09-May-19,300,301.3,296.35,299.8,298.8474624,684474,5822,204553318,282478,41.27,4.95,-0.2
10-May-19,299.8,300.55,296.95,297.7,298.2842026,459081,3125,136936610,202468,44.1,3.6,-2.1
13-May-19,296,303.5,288,289.85,295.9701529,1253454,11084,370984972,313950,25.05,15.5,-6.15
14-May-19,291.2,297.7,289,294,294.6970592,796423,7083,234703516,195429,24.54,8.7,2.8
15-May-19,297.7,299.25,292.9,297.1,297.1416203,632706,5925,188003286,242289,38.29,6.35,-0.6
16-May-19,299,299,293.25,294.7,294.9292245,403360,2618,118962652,191054,47.37,5.75,-4.3
17-May-19,296.15,302.25,295,301.4,298.7303575,551304,11304,164691241,242770,44.04,7.25,5.25
20-May-19,305,307.55,302.25,307,305.0842699,434663,3738,132608844,190821,43.9,5.3,2
21-May-19,307,309.85,304.85,305.3,306.9545229,682014,5078,209347282,270872,39.72,5,-1.7
22-May-19,302.95,302.95,296.8,299.55,298.7279846,665433,4746,198783459,338741,50.91,6.15,-3.4
23-May-19,304.9,305.55,287.1,288.5,293.9304632,1376811,14807,404686695,536760,38.99,18.45,-16.4
24-May-19,292,292,287.5,290.15,289.7073482,682128,9121,197617494,329408,48.29,4.5,-1.85
27-May-19,292,293.55,289.25,290.4,290.9257198,621108,4462,180696292,299553,48.23,4.3,-1.6
28-May-19,291.25,291.7,288.2,289,290.0148891,437569,4077,126901525,173402,39.63,3.5,-2.25
29-May-19,289.95,291.5,287.95,288.35,289.5051823,365088,2876,105694868,142974,39.16,3.55,-1.6
30-May-19,289.55,290.9,288.2,289.1,289.7963239,245478,2015,71138622,88672,36.12,2.7,-0.45
31-May-19,289,291.45,277.9,278.65,282.402639,1062006,8266,299913297,500329,47.11,13.55,-10.35
03-Jun-19,281,281.65,275.45,278.55,277.8064443,738020,8822,205026712,312530,42.35,6.2,-2.45
04-Jun-19,279.7,282.15,278.9,279.65,280.4656502,492711,4705,138188511,179766,36.48,3.25,-0.05
06-Jun-19,281,281,275.5,276.1,277.4871827,407457,4447,113064095,154049,37.81,5.5,-4.9
07-Jun-19,276.15,276.9,274.5,275.9,275.5673863,404021,3572,111335011,183313,45.37,2.4,-0.25
10-Jun-19,278,280.5,277.1,279.6,279.5907981,1670972,6517,467188395,1100020,65.83,3.4,1.6
11-Jun-19,280.3,281.5,279.4,280,280.3118561,274213,2272,76865155,98872,36.06,2.1,-0.3
12-Jun-19,281.9,281.9,278.25,280,279.671439,322202,2919,90110697,135326,42,3.65,-1.9
13-Jun-19,279.9,281.25,278.55,279.85,279.8570512,551687,2678,154393497,279631,50.69,2.7,-0.05
14-Jun-19,280.7,280.7,277.25,277.95,278.4825503,556112,4080,154867488,296002,53.23,3.45,-2.75
17-Jun-19,279,279,274.45,275.3,275.5348301,936447,4082,258023765,321447,34.33,4.55,-3.7
18-Jun-19,276.5,277.8,274,275.6,275.9113811,1090704,6332,300937647,815219,74.74,3.8,-0.9
19-Jun-19,276,278.9,275.5,277.35,277.0004716,595835,3165,165046576,285581,47.93,3.4,1.35
20-Jun-19,278.35,278.35,275.35,277.15,276.1544537,515190,4818,142272013,309089,60,3,-1.2
21-Jun-19,277.9,277.9,273.35,274.25,274.2934471,940742,5692,258039366,606842,64.51,4.55,-3.65
24-Jun-19,274,277.2,274,276.3,276.4641961,430833,3544,119109899,284083,65.94,3.2,2.3
25-Jun-19,275.7,279.95,274.45,278.25,278.2551539,662361,9500,184305362,437213,66.01,5.5,2.55
26-Jun-19,278.5,278.65,276.55,277.35,277.4434024,475462,2907,131913795,296002,62.26,2.1,-1.15
27-Jun-19,278,278.15,272.95,273.55,274.9107523,516338,4771,141946868,280398,54.31,5.2,-4.45
28-Jun-19,274.2,275.4,272.65,273.95,273.9815536,515331,3711,141191188,288716,56.03,2.75,-0.25
01-Jul-19,274.9,276.35,274.1,274.85,275.0889011,476766,2821,131153035,293239,61.51,2.25,-0.05
02-Jul-19,275.15,275.9,273.3,273.75,273.8990755,701564,4691,192157731,553461,78.89,2.6,-1.4
03-Jul-19,275,277.5,272.25,276.7,274.1560697,561326,4391,153890930,327623,58.37,5.25,1.7
04-Jul-19,278.6,278.6,275.35,277.7,276.7511656,629302,5372,174160062,340977,54.18,3.25,-0.9
05-Jul-19,277,281.85,268.1,279.45,276.6388248,1975803,12121,546583820,726634,36.78,13.75,2.45
08-Jul-19,281.65,282.95,275.9,277.3,278.7852205,700919,6353,195405858,352195,50.25,7.05,-4.35
09-Jul-19,278.5,278.5,272.45,273.05,273.9232526,620321,7436,169920346,357589,57.65,6.05,-5.45
10-Jul-19,274.8,275.15,270.9,273.35,273.5986719,513652,3804,140534505,272978,53.14,4.25,-1.45
11-Jul-19,273.7,276.9,273.7,275.7,275.7714238,518641,3665,143026367,329339,63.5,3.2,2
12-Jul-19,277.5,277.5,273.2,274.95,274.9320633,381208,2322,104806302,179855,47.18,4.3,-2.55
15-Jul-19,275.1,275.6,270.5,270.9,271.3004735,1277244,3891,346516902,1059779,82.97,5.1,-4.2
16-Jul-19,271.05,272.75,270.65,271.9,271.6458516,291392,5224,79155428,148582,50.99,2.1,0.85
17-Jul-19,272,273.2,270.7,272.8,272.1764835,209776,2554,57096094,93638,44.64,2.5,0.8
18-Jul-19,273.5,274.9,272.3,272.95,273.7268374,210706,2063,57675887,94095,44.66,2.6,-0.55
19-Jul-19,273.5,274.15,268.05,268.4,269.9244379,547126,5621,147682678,295414,53.99,6.1,-5.1
22-Jul-19,268.4,268.4,264.05,264.4,265.2554808,305428,4484,81016451,150240,49.19,4.35,-4
23-Jul-19,266,271.8,264.9,270.7,269.2059936,388580,5519,104608065,189108,48.67,6.9,4.7
24-Jul-19,270.7,273.25,268,270.85,270.1440456,275031,2762,74297987,83412,30.33,5.25,0.15
25-Jul-19,271,272.5,267.05,268,269.5904738,708067,2377,190888118,587360,82.95,5.45,-3
26-Jul-19,269.8,270.9,267,270.3,269.6263098,195927,1782,52827074,71660,36.57,3.9,0.5
29-Jul-19,269.55,271,266.5,267.7,268.4587226,205536,1943,55177932,79300,38.58,4.5,-1.85
30-Jul-19,268.55,269.9,266.5,269,268.5294872,862765,5330,231677843,636920,73.82,3.4,0.45
31-Jul-19,268,270.95,266.05,270.05,269.3520347,1884945,3386,507713771,1722309,91.37,4.9,2.05
01-Aug-19,270.55,270.95,266.6,267.6,268.132315,200393,2607,53731839,94144,46.98,4.35,-2.95
02-Aug-19,268,268,263.2,264.6,264.7243197,480524,5174,127206389,203829,42.42,4.8,-3.4
05-Aug-19,265.4,265.4,257.6,259.55,259.6153329,474444,5166,123172937,199189,41.98,7.8,-5.85
06-Aug-19,259.5,261.5,258.1,258.9,259.8344723,453465,9261,117825839,236740,52.21,3.4,-0.6
07-Aug-19,258.85,259.45,253.05,253.75,256.3227396,513510,8563,131624290,274913,53.54,6.4,-5.1
08-Aug-19,254.25,258.7,252.95,257.75,255.6562021,514209,8545,131460720,241654,47,5.75,3.5
09-Aug-19,259,259,253.6,254.25,255.1502062,519113,5812,132451789,340612,65.61,5.4,-4.75
13-Aug-19,254.4,254.4,244.2,246.1,247.9528198,629841,11835,156170852,338408,53.73,10.2,-8.3
14-Aug-19,245.6,253.55,244.2,248.85,249.4641936,394762,4744,98478984,175795,44.53,9.35,3.25
16-Aug-19,248.85,253.4,247.4,252.9,251.3154628,265391,4428,66696862,97796,36.85,6,4.05
19-Aug-19,253.3,257.45,251,251.6,252.9173063,1086902,5244,274896326,832286,76.57,6.45,-1.7
20-Aug-19,252,252.15,245.55,246.55,247.2067539,478390,8999,118261239,284841,59.54,6.6,-5.45
21-Aug-19,248.7,248.7,240.85,241.6,242.8867544,510563,7123,124008990,270503,52.98,7.85,-7.1
22-Aug-19,242,246,238.95,240.1,242.5018258,397084,6172,96293595,119505,30.1,7.05,-1.9
23-Aug-19,239.45,241.15,234.7,236,236.6241839,626466,7006,148237006,238890,38.13,6.45,-3.45
26-Aug-19,244,244,234.95,242.55,239.8273626,331394,4134,79477349,95907,28.94,9.05,-1.45
27-Aug-19,244.5,246.35,242.7,245.55,245.3519066,700595,5822,171892319,524868,74.92,3.65,1.05
28-Aug-19,247,247.55,243.1,245.8,245.4664197,221052,3490,54260843,62944,28.47,4.45,-1.2
29-Aug-19,244.5,245.45,240.35,241.4,243.3416057,199982,3330,48663941,70094,35.05,5.1,-3.1
30-Aug-19,241.7,247.05,239.15,245.55,244.4368114,564928,5231,138089199,288640,51.09,7.9,3.85
03-Sep-19,244.85,244.85,240.65,241.5,242.1216682,281528,3680,68164029,115575,41.05,4.2,-3.35
04-Sep-19,242,244.5,241.25,243.15,243.1196812,177012,4644,43035101,62516,35.32,3.25,1.15
05-Sep-19,242.3,246.85,242.15,244.35,244.1721332,326352,3417,79686064,113176,34.68,4.7,2.05
06-Sep-19,245.8,245.8,243.3,243.95,244.2474273,211351,2444,51621938,79013,37.38,2.5,-1.85
09-Sep-19,244.25,246.55,243.25,245.5,245.6222145,380356,3049,93423883,158393,41.64,3.3,1.25
11-Sep-19,245.5,245.55,243,243.65,244.9478359,1308045,3628,320402792,1127263,86.18,2.55,-1.85
12-Sep-19,244.95,244.95,240.05,240.8,242.2413449,493004,6079,119425952,201070,40.78,4.9,-4.15
13-Sep-19,242,242.35,238.6,239.95,240.5329433,396393,5431,95345575,135556,34.2,3.75,-2.05
16-Sep-19,240.7,241.05,238.3,239.35,239.351667,232996,2571,55767981,83861,35.99,2.75,-1.35
17-Sep-19,239.9,240.05,236.85,237.15,238.02536,609621,3671,145105258,418859,68.71,3.2,-2.75
18-Sep-19,238,242.3,234.1,239.6,237.7509277,1144459,9056,272096189,425418,37.17,8.2,1.6
19-Sep-19,240.4,240.4,236.15,236.75,237.3152998,223546,3338,53050886,82476,36.89,4.25,-3.65
20-Sep-19,237,248.4,234.4,238.15,241.1607118,1799183,16791,433892253,391116,21.74,14,1.15
23-Sep-19,249.1,260.3,249.1,254.7,255.8149026,2784432,28769,712299201,762398,27.38,11.2,5.6
24-Sep-19,255.4,258,253.9,256,255.8883368,759597,10036,194372013,217853,28.68,4.1,0.6
25-Sep-19,255.8,256.2,242.75,248.8,252.0530293,742458,13135,187138788,231448,31.17,13.45,-7
26-Sep-19,247.85,251.3,246,250.35,249.1350096,775671,10174,193246802,304813,39.3,5.3,2.5
27-Sep-19,250.6,258.1,250.1,252.9,254.6785621,958882,9508,244206689,271761,28.34,8,2.3
30-Sep-19,255.4,260.75,249.5,259.7,254.999362,821293,6955,209429191,259418,31.59,11.25,4.3
01-Oct-19,259.7,262.45,254.95,255.9,258.5566502,701886,6718,181477293,152361,21.71,7.5,-3.8
03-Oct-19,257,262.1,256.2,261.6,259.3405949,330184,4292,85630115,107070,32.43,5.9,4.6
04-Oct-19,263.1,264,255.1,257.25,257.9039826,529529,7444,136567638,162458,30.68,8.9,-5.85
07-Oct-19,257.5,258.2,250.8,251.65,254.1270125,332668,5144,84539925,128590,38.65,7.4,-5.85
09-Oct-19,252.85,252.85,246.5,247.1,248.2536208,358764,4157,89064462,144660,40.32,6.35,-5.75
10-Oct-19,247.15,247.35,242.55,242.95,244.2938528,423542,5173,103468707,193515,45.69,4.8,-4.2
11-Oct-19,243,246.2,241.25,244.1,244.0162319,320849,4217,78292364,113631,35.42,4.95,1.1
14-Oct-19,247,247,243.1,244.2,244.5323943,321307,2942,78569970,129309,40.24,3.9,-2.8
15-Oct-19,247.4,249.2,245.1,247.5,247.7134306,364184,3960,90213268,123017,33.78,4.1,0.1
16-Oct-19,247,247.5,242.2,243.7,244.0074326,433631,5681,105809187,202795,46.77,5.3,-3.3
17-Oct-19,243,246.6,243,245.85,245.4962697,523008,6836,128396513,229027,43.79,3.6,2.85
18-Oct-19,246.5,247.75,245,246.5,246.5050049,398307,3406,98184669,155110,38.94,2.75,0
22-Oct-19,245.9,251,245.05,248.85,248.7445009,2284576,4894,568275717,1889923,82.73,5.95,2.95
23-Oct-19,250,251.95,249.1,251,250.7811839,462274,4158,115929621,240130,51.95,2.85,1
