Date,Open Price,High Price,Low Price,Close Price
03-Oct-16,252.6,257,252.6,255.2
04-Oct-16,256.4,261.5,253.85,259.25
05-Oct-16,262.05,264.6,259.65,260.55
06-Oct-16,261.7,261.9,255.8,256.85
07-Oct-16,257,259.45,255.05,258.25
10-Oct-16,259,260.2,255.35,256
13-Oct-16,255.4,255.4,246.1,249.7
14-Oct-16,251.25,253.3,249.7,251.9
17-Oct-16,254,256.3,251.9,253.1
18-Oct-16,254.85,257.45,253.75,256.9
19-Oct-16,257.3,257.95,254.3,254.8
20-Oct-16,255.05,260.4,255.05,259.95
21-Oct-16,260,260,255.75,258.4
24-Oct-16,259.9,264.75,258,262.85
25-Oct-16,264,264.65,260.75,261.3
26-Oct-16,261.3,264.75,257,259.05
27-Oct-16,259,259,254.4,255.05
28-Oct-16,256.65,258.55,253.7,257.85
30-Oct-16,259.3,260,257,257.85
01-Nov-16,257.5,260.1,256.85,258.4
02-Nov-16,254.4,255.5,247,251.3
03-Nov-16,250.9,252.8,245,245.65
04-Nov-16,246.2,248.5,240.55,242.85
07-Nov-16,248,254,245.75,252.7
08-Nov-16,254,254,248.9,252.6
09-Nov-16,239.5,261,231,259.75
10-Nov-16,267,283.9,265.3,281.6
11-Nov-16,278.95,288.5,270.7,272.9
15-Nov-16,275.95,283.35,271,278.1
16-Nov-16,283.4,285,276.1,277.15
17-Nov-16,277.25,282.4,276,277.65
18-Nov-16,278.4,279.95,274.75,275.7
21-Nov-16,276.3,277.8,256.25,257.75
22-Nov-16,261.5,262.4,251.45,257.4
23-Nov-16,260.8,260.8,254.9,258.75
24-Nov-16,258.4,262.9,254.65,261.7
25-Nov-16,263.8,264.65,258.6,260.95
28-Nov-16,253.7,257.7,248.2,253.6
29-Nov-16,254.6,256.5,252.1,252.95
30-Nov-16,254.4,259.9,252.75,258.4
01-Dec-16,259.9,260.95,254.75,255.75
02-Dec-16,253.3,261.25,253,254.4
05-Dec-16,254.5,257.3,253.3,256.7
06-Dec-16,258.8,260,256.45,259.15
07-Dec-16,260.05,262.5,252,255.35
08-Dec-16,258.75,260.5,258.05,259.75
09-Dec-16,260.95,266.5,258.7,266
12-Dec-16,269.45,269.45,262.4,263.4
13-Dec-16,264.85,266.25,261.8,265.5
14-Dec-16,265.5,266.2,262.2,262.7
15-Dec-16,259.35,267.5,259.25,265
16-Dec-16,265.7,268.25,263.25,264.75
19-Dec-16,263.05,264.4,260.85,261.4
20-Dec-16,261.25,262.95,253.25,254.55
21-Dec-16,256.55,257.95,254.15,255.15
22-Dec-16,254,254.25,248.45,249.75
23-Dec-16,249.95,251.7,248.05,249.25
26-Dec-16,248.75,248.75,243.7,244.1
27-Dec-16,243.6,249.9,243.1,248.7
28-Dec-16,249.65,252.35,246.7,247.25
29-Dec-16,248,248.9,245.75,247.55
30-Dec-16,247.55,252.45,247.5,249.75
02-Jan-17,252.75,253.5,242.8,243.6
03-Jan-17,243.6,246.3,241.1,244.85
04-Jan-17,245.2,246.45,242.5,242.9
05-Jan-17,244.95,246,244.05,245.45
06-Jan-17,246,248.95,245.3,245.95
09-Jan-17,246.55,248.2,246.1,247
10-Jan-17,247.5,248.9,246.4,247.85
11-Jan-17,248.1,253.15,248.1,251.9
12-Jan-17,252.35,254.3,250.55,251.1
13-Jan-17,252.05,252.95,248.85,250.9
16-Jan-17,251.05,256.4,250.75,255.75
17-Jan-17,256.6,258.55,254.65,256.15
18-Jan-17,256.5,259,256.5,257.6
19-Jan-17,257,261.8,256.65,258.3
20-Jan-17,258.8,260.55,250.4,251
23-Jan-17,251,254.95,250.2,254.1
24-Jan-17,255.1,256.95,254.25,254.7
25-Jan-17,255.1,261,254.25,259.3
27-Jan-17,260,268.25,259.5,266.5
30-Jan-17,266,267.7,262.6,263
31-Jan-17,262.65,263.9,259.45,260
01-Feb-17,261.6,271.65,261,270.3
02-Feb-17,271.1,274.7,268.6,272.7
03-Feb-17,273,278.05,272,277.4
06-Feb-17,279.1,282.45,276,277.05
07-Feb-17,278,279.6,276.2,277.5
08-Feb-17,277.8,279.2,273,277.3
09-Feb-17,278.3,280.2,271.05,275.85
10-Feb-17,278.05,282.45,275,276.25
13-Feb-17,277.95,278.35,270.2,271.4
14-Feb-17,273.4,273.4,268.1,270.5
15-Feb-17,270.55,272.4,267.1,268.65
16-Feb-17,276.5,277,269.8,270.4
17-Feb-17,270.9,273.7,267.75,268.8
20-Feb-17,269.35,271.5,268.1,269.25
21-Feb-17,269.45,271.25,268.7,270.65
22-Feb-17,271.25,274.5,269.55,271.8
23-Feb-17,271.9,273,269.8,270.5
27-Feb-17,271,271.5,267.6,268.15
28-Feb-17,268.3,271,268.2,269.2
01-Mar-17,270,273.1,270,271.95
02-Mar-17,273.5,274.6,265.9,267
03-Mar-17,266,268.6,264.5,265.15
06-Mar-17,265.55,270.45,265.55,269.9
07-Mar-17,270.3,271,266.45,268.05
08-Mar-17,268.5,270.25,266.05,269.7
09-Mar-17,269.85,273.8,268.5,273.2
10-Mar-17,274.8,275.65,269.7,272.05
14-Mar-17,278,279,273.95,274.7
15-Mar-17,272.5,280,272.5,277.4
16-Mar-17,278.8,280,276.1,278.95
17-Mar-17,279.6,279.6,273.5,274.1
20-Mar-17,275,275,272,274
21-Mar-17,274,277,270.2,272.3
22-Mar-17,271.4,271.4,267,267.65
23-Mar-17,268.55,269.45,266.65,268.5
24-Mar-17,269.95,278.75,268.7,276.05
27-Mar-17,276.3,280.7,275.3,279.35
28-Mar-17,280,282.9,278.6,282.15
29-Mar-17,282.95,289.55,282.5,287.75
30-Mar-17,288.35,293.5,288.15,290
31-Mar-17,292.4,294.25,288.55,292.6
03-Apr-17,294.3,295.5,291.5,293.15
05-Apr-17,292.85,298.65,289.75,296.7
06-Apr-17,295.7,297.55,291.6,292.7
07-Apr-17,292.1,294.7,288.05,289.4
10-Apr-17,289.4,290.3,286.5,289
11-Apr-17,289.8,294.5,289.05,293.7
12-Apr-17,294,295.5,289.2,290.1
13-Apr-17,289.3,292.9,289.3,291
17-Apr-17,291.45,292.5,288.55,289.65
18-Apr-17,290.5,296.4,288.5,290.15
19-Apr-17,291.9,293,283.2,284.2
20-Apr-17,284.2,287.1,282.15,284.9
21-Apr-17,286.5,286.9,279.35,282.15
24-Apr-17,282.5,287.35,281,285.55
25-Apr-17,287.9,288.6,285.05,286
26-Apr-17,286.5,289.15,283.35,286.4
27-Apr-17,286,287.8,281,281.95
28-Apr-17,283.05,290.5,282.6,289.45
02-May-17,290.8,292.5,287.1,288.25
03-May-17,288.7,293.15,285.8,289.35
04-May-17,293.1,299.8,293.1,298.8
05-May-17,300.25,304.9,292,295.95
08-May-17,296.25,300.4,294,298.65
09-May-17,300.35,301,295.3,296
10-May-17,297,298,293.1,294.6
11-May-17,295.1,299.3,294.45,298
12-May-17,299.25,302.5,295.7,297.15
15-May-17,298,301.5,297.6,300.45
16-May-17,301.05,308.3,299.2,307
17-May-17,308,308.6,305.45,307.65
18-May-17,304.7,307.85,302.05,302.95
19-May-17,304.8,315,302.2,308.15
22-May-17,309,309.3,293.25,294.4
23-May-17,295,295.9,287,289.15
24-May-17,289.1,290.15,281.9,283.15
25-May-17,284.05,291,283.85,290
26-May-17,290,290.75,285.3,288.45
29-May-17,288.15,290.8,283.75,284.4
30-May-17,283.9,289.45,281.15,288.8
31-May-17,289.4,291.25,287.45,288.55
01-Jun-17,287.2,291.15,284.85,287.35
02-Jun-17,289.25,290.5,286.65,287.4
05-Jun-17,288,289.6,287,287.35
06-Jun-17,291,292.9,286.5,287.25
07-Jun-17,288.05,291.45,287.25,290.75
08-Jun-17,292.3,292.3,288.1,288.8
09-Jun-17,288.8,289.5,286,288.5
12-Jun-17,287,287,284.4,285.05
13-Jun-17,286,287.1,283,283.8
14-Jun-17,285.35,286.35,282.8,284.35
15-Jun-17,284.5,285.75,281.55,284.05
16-Jun-17,284,286.65,283.35,285.85
19-Jun-17,286.75,289.55,285.35,288.5
20-Jun-17,287.8,291,285.7,290
21-Jun-17,289.75,292.3,288.25,290.2
22-Jun-17,291.25,295.7,291.25,294.55
23-Jun-17,294.65,295.3,287.8,288.85
27-Jun-17,288.95,289.1,277,279.4
28-Jun-17,276.95,278.4,273.85,276.4
29-Jun-17,276.55,279.2,271.6,272.55
30-Jun-17,272.4,274.65,269.8,273.6
03-Jul-17,274,275.35,272.65,274.7
04-Jul-17,274.7,276.4,272.05,273
05-Jul-17,274.45,275.65,272.4,275
06-Jul-17,275,282.75,274.5,280.9
07-Jul-17,280.1,282.4,279.8,280.2
10-Jul-17,280.7,287,280.5,285.55
11-Jul-17,287.2,289.4,283.1,283.6
12-Jul-17,284.9,288,283.25,287.4
13-Jul-17,289,290,286.65,288.6
14-Jul-17,289.6,293.6,287.2,291.6
17-Jul-17,292.35,294,289.7,292.8
18-Jul-17,292,296.3,290,290.45
19-Jul-17,292.4,293.85,291,293.2
20-Jul-17,293.9,294,290,290.65
21-Jul-17,291,292.2,288.4,290.35
24-Jul-17,290.85,296.2,290.65,294.45
25-Jul-17,295.4,296.95,294.75,296.25
26-Jul-17,296.35,299.45,295.25,295.75
27-Jul-17,296.95,299.7,296.35,298.3
28-Jul-17,295.5,300.5,295.5,299.2
31-Jul-17,299,313.9,298.1,312.55
01-Aug-17,313.7,314.9,308.1,308.8
02-Aug-17,310.2,311.7,305.4,307.65
03-Aug-17,307.4,307.4,299,300.75
04-Aug-17,300,306.6,297.6,305.45
07-Aug-17,305.5,311.9,305.45,311.1
08-Aug-17,311.9,312,301.4,303.85
09-Aug-17,303.65,307.45,300.2,302.2
10-Aug-17,300.2,302.3,292,296.55
11-Aug-17,295.15,302.8,278.25,280.65
14-Aug-17,282.1,283,276.1,278.05
16-Aug-17,279.95,283.6,274.2,282.9
17-Aug-17,283.75,284.6,280.05,280.75
18-Aug-17,278,279.5,276,278.65
21-Aug-17,279,280.7,273.4,274.65
22-Aug-17,277.75,277.75,271.35,274.1
23-Aug-17,274.5,279.35,274.5,278.75
24-Aug-17,280,281.35,277.6,280.45
28-Aug-17,282,282.9,279,279.3
29-Aug-17,278,280.75,276,276.7
30-Aug-17,277.55,279.3,276,276.9
31-Aug-17,276.95,279,274.3,277.35
01-Sep-17,277.9,279.95,276.55,277.7
04-Sep-17,278.5,279.5,276.2,277.8
05-Sep-17,277.3,279.25,276.7,277.3
06-Sep-17,275.3,277.2,273.5,274.2
07-Sep-17,276.9,276.9,273.5,274.5
08-Sep-17,275,275.6,271.25,271.95
11-Sep-17,272.95,273.7,269.65,270.85
12-Sep-17,271.45,275.45,270.55,273.5
13-Sep-17,275,276.5,272.75,273.35
14-Sep-17,273.9,275.5,272.3,273.9
15-Sep-17,271.45,274.3,270.8,272.05
18-Sep-17,272.25,274,269.5,270.15
19-Sep-17,270.45,271,266.55,267.8
20-Sep-17,268,272,267.8,270.55
21-Sep-17,270,271.45,267.6,268.5
22-Sep-17,267.05,267.45,261.2,261.9
25-Sep-17,261.85,261.85,254.7,258.65
26-Sep-17,258,259.55,256.05,257.9
27-Sep-17,260,260.1,248.8,250.45
28-Sep-17,251,253.6,249.55,252.8
29-Sep-17,254.3,255.6,253.1,253.75
03-Oct-17,255.2,256.45,250.65,251.3
04-Oct-17,251.15,254.7,251.15,253.35
05-Oct-17,253.3,253.95,249.25,251.35
06-Oct-17,251.5,257.5,251.5,256.65
09-Oct-17,257,258.95,254.5,256.5
10-Oct-17,256.15,258.2,255.8,256.65
11-Oct-17,257.4,258.25,250.6,251.6
12-Oct-17,252,253,249,251.6
13-Oct-17,251.6,255,250.3,252.45
16-Oct-17,253.1,255,250.35,252.25
17-Oct-17,251.75,254.5,250.8,251.15
18-Oct-17,246,247.95,242.5,244.2
19-Oct-17,244.8,245.4,241.25,242.5
23-Oct-17,243.2,246.75,242.6,245.75
24-Oct-17,246,255.35,246,254.5
25-Oct-17,279.95,328,279.95,324.7
26-Oct-17,327.95,351.5,317.25,320.65
27-Oct-17,320,323.4,310.15,310.95
30-Oct-17,311.25,322.5,310.35,312.1
31-Oct-17,312.2,313.8,304.4,305.8
01-Nov-17,309.75,321.45,309.2,319.8
02-Nov-17,320,323.25,314.05,314.95
03-Nov-17,315.5,326.9,312.45,325
06-Nov-17,324.1,329.85,321.5,328.95
07-Nov-17,329,331.8,315.6,317.2
08-Nov-17,318.6,319.4,307,309.75
09-Nov-17,312.25,317.9,308.5,313.75
10-Nov-17,315,338.15,309.6,333.2
13-Nov-17,335.1,344.6,329.9,331.2
14-Nov-17,329,334.7,327.65,329.2
15-Nov-17,327.95,330.85,322.15,325.2
16-Nov-17,325.6,334.05,323.7,333.45
17-Nov-17,343.25,346.5,335.8,337.4
20-Nov-17,337.7,337.7,331.6,333.05
21-Nov-17,334.8,335.4,330,330.75
22-Nov-17,331,339.5,327.3,335.2
23-Nov-17,336.05,336.9,331.95,334.9
24-Nov-17,336,336.8,331.5,332.25
27-Nov-17,330,336.5,328.4,335.25
28-Nov-17,335.35,336.25,331.5,332.65
29-Nov-17,334,334.7,327.65,328.8
30-Nov-17,326.85,326.85,318.85,320.45
01-Dec-17,321.55,322.5,311.4,312.55
04-Dec-17,315,317.4,311.3,313.3
05-Dec-17,313,320.6,308.95,319.3
06-Dec-17,317.7,317.7,311.45,312.25
07-Dec-17,312.3,317.75,312.3,316.6
08-Dec-17,316.95,318.65,312.1,313.15
11-Dec-17,315.25,319.2,315.25,318.3
12-Dec-17,317.95,320.3,314.9,318.4
13-Dec-17,318.4,318.9,311.3,313.25
14-Dec-17,314.2,315.7,309.6,314.05
15-Dec-17,317.8,319.3,312.1,312.75
18-Dec-17,310.8,323.35,301,318.9
19-Dec-17,319,322.15,318.2,319.45
20-Dec-17,318.2,319.65,316.5,317.25
21-Dec-17,317.7,318.2,315.3,316.55
22-Dec-17,317,323.8,316.55,319.85
26-Dec-17,318.8,319.75,316.35,316.85
27-Dec-17,317,320.3,312.9,314.15
28-Dec-17,314.6,316.5,307.3,308.3
29-Dec-17,309.3,311.95,309.1,309.5
01-Jan-18,310,312.75,306.5,307.05
02-Jan-18,308.1,308.85,301.65,302.9
03-Jan-18,304.9,306.4,302.15,302.85
04-Jan-18,304,309.9,303,308.05
05-Jan-18,311,311.8,305.6,306.2
08-Jan-18,306.6,309.3,305,305.65
09-Jan-18,307,309.45,303.45,304.25
10-Jan-18,304.1,305.8,300,301.05
11-Jan-18,301.5,303.05,300.1,302
12-Jan-18,304.25,304.8,300.6,301.8
15-Jan-18,303.2,305.15,301.55,302.25
16-Jan-18,302,303.4,295.25,296.15
17-Jan-18,295.2,308,292.65,306.35
18-Jan-18,314.15,317.75,300.2,302.75
19-Jan-18,302.75,309.8,302.45,309.05
22-Jan-18,309.4,309.4,304,306.25
23-Jan-18,306.25,319.95,306.25,318
24-Jan-18,317.8,330.6,316.1,329.5
25-Jan-18,333,334.8,312,313.15
29-Jan-18,313.8,318,310,311.1
30-Jan-18,311.05,318.75,310.8,312.85
31-Jan-18,313,316.45,307.65,312.75
01-Feb-18,316.05,317.45,304.5,305.55
02-Feb-18,302,305.4,295.05,296.9
05-Feb-18,292.7,300,289.8,297.7
06-Feb-18,286,297.05,283.1,291.5
07-Feb-18,295.6,297.95,290.1,292.75
08-Feb-18,293,308.05,292.15,301.45
09-Feb-18,297.95,300.55,295.05,296.4
12-Feb-18,288,292.4,285,288.5
14-Feb-18,289,289.4,275.8,276.8
15-Feb-18,275,282,274.45,278.85
16-Feb-18,280.05,281.2,270,271.75
19-Feb-18,271.2,271.75,256.6,267.65
20-Feb-18,268.2,273.95,264.75,269.65
21-Feb-18,272,274,267.3,273.1
22-Feb-18,271.6,273.5,269.25,272.6
23-Feb-18,273.05,277.35,272.7,276.1
26-Feb-18,280,280.4,273.75,274.75
27-Feb-18,273.95,275.85,266.1,267.8
28-Feb-18,264.8,270.4,260.9,268.75
01-Mar-18,266.8,270,261.3,262.55
05-Mar-18,260.8,268,258.75,263.8
06-Mar-18,266,266.1,255,256.5
07-Mar-18,255.95,255.95,246,246.65
08-Mar-18,247,257.5,244.4,256.75
09-Mar-18,257.05,257.55,251.9,253.15
12-Mar-18,254,255,247.4,252.85
13-Mar-18,251.85,262.4,250,254.9
14-Mar-18,252.05,257.6,250,257
15-Mar-18,257.9,258.85,253.1,254.1
16-Mar-18,253,255.6,250.5,252.6
19-Mar-18,253,253.8,246.1,248.1
20-Mar-18,247,252.3,245.45,249.25
21-Mar-18,251,254,247.2,247.7
22-Mar-18,246.9,247.2,241,241.6
23-Mar-18,238.6,238.6,232.5,234.6
26-Mar-18,235,247.5,234.45,246.35
27-Mar-18,250.7,255.2,248.2,253.85
28-Mar-18,252.4,255.9,249.15,250.1
02-Apr-18,251,251.95,245.15,246.3
03-Apr-18,249.8,253,248.25,250.35
04-Apr-18,251,253,245.6,246.9
05-Apr-18,251.2,261.6,250,258.4
06-Apr-18,260,261.15,255,259.8
09-Apr-18,261.2,262.75,257.8,260.55
10-Apr-18,260.65,265.25,258.5,263.25
11-Apr-18,263.25,263.25,256.5,257.3
12-Apr-18,257,257.4,252.7,254.3
13-Apr-18,254.05,256.05,250.15,251.2
16-Apr-18,249,251.5,247.5,249.3
17-Apr-18,251.5,252.55,246.8,248.2
18-Apr-18,249,250,245.4,246.25
19-Apr-18,247.9,248.2,245.2,246.25
20-Apr-18,245.5,245.55,239.5,241.4
23-Apr-18,242.5,244.85,239.25,242.7
24-Apr-18,242,243.5,239.5,240.6
25-Apr-18,240.5,240.7,237,237.4
26-Apr-18,238.1,238.75,232.6,233.35
27-Apr-18,232,245.75,232,242.65
30-Apr-18,245,249.5,244.8,246.3
02-May-18,246.4,246.4,239.75,240.65
03-May-18,240.05,243.4,238.8,241.8
04-May-18,243,243.85,240.65,241.95
07-May-18,242,248.15,242,246.5
08-May-18,247.5,252.45,244.75,250
09-May-18,249.95,249.95,246.45,248.8
10-May-18,247.3,250.35,246.6,247.95
11-May-18,247.15,251.8,246.1,250.9
14-May-18,250,255.6,248.55,253.35
15-May-18,253.8,257.2,246,248.6
16-May-18,245.75,248.6,240.8,243.15
17-May-18,245,245.95,242,243.3
18-May-18,242.9,243.9,237.85,239.2
21-May-18,242.7,245.85,240.25,245.1
22-May-18,244.3,259.9,241.3,254.15
23-May-18,254.2,269.7,254.15,263.2
24-May-18,264.7,269.5,260.8,268.5
25-May-18,268.2,268.7,262.65,267
28-May-18,267.5,274,266.25,272.25
29-May-18,270.1,271,263.45,264.9
30-May-18,261.6,268.05,260,266.9
31-May-18,267.4,272.85,263.2,269.2
01-Jun-18,269.5,269.7,264.6,266.75
04-Jun-18,268.85,268.95,261.65,263.1
05-Jun-18,262,265.05,261,263.5
06-Jun-18,263,270.8,262.15,269.9
07-Jun-18,271.4,272.7,268.4,269.25
08-Jun-18,269.05,273.2,267.05,272.7
11-Jun-18,273.7,278.25,272.55,273.65
12-Jun-18,273.65,284.6,273.65,282.85
13-Jun-18,284,289.35,284,287.65
14-Jun-18,287,287.15,281.25,282.7
15-Jun-18,282.7,283.4,276.5,277.55
18-Jun-18,277.5,279.7,275.55,276.85
19-Jun-18,276,276.7,270.1,272.4
20-Jun-18,272.55,274.75,271.55,273.25
21-Jun-18,274.4,274.55,268.05,268.7
22-Jun-18,268,273.9,265.8,273.25
25-Jun-18,273,275,267.4,268.3
26-Jun-18,267,271.1,265.45,267.15
27-Jun-18,268,268,260.8,261.65
28-Jun-18,260,261.95,255.85,256.85
29-Jun-18,257.6,263.3,257.6,259.3
02-Jul-18,259.9,261.6,254,259.1
03-Jul-18,260,260.7,256.7,257.75
04-Jul-18,257,258.35,254.65,257.5
05-Jul-18,257.1,258.6,255.5,256.6
06-Jul-18,256.9,260.9,255.7,257.45
09-Jul-18,258,262.4,258,261.35
10-Jul-18,262.1,265.6,262.1,263.5
11-Jul-18,263.45,263.45,258,258.9
12-Jul-18,261.9,264.35,261,262.75
13-Jul-18,261.9,263.05,256.1,257.6
16-Jul-18,257,257.55,251.1,251.75
17-Jul-18,250.95,260,250.35,259.25
18-Jul-18,260,262.65,256.05,259
19-Jul-18,259.1,263.2,256,260.15
20-Jul-18,260.9,262.9,258.65,260.95
23-Jul-18,261.5,267.35,260.7,266.4
24-Jul-18,266.4,269.25,265.7,266.7
25-Jul-18,269.4,272.55,265.8,271.45
26-Jul-18,275,288.5,273.55,286.7
27-Jul-18,289,296.8,285,286.6
30-Jul-18,288,299.55,287.6,297.35
31-Jul-18,297.4,302.3,292.25,293.4
01-Aug-18,295,297.8,289,295.1
02-Aug-18,293.9,296.2,290.6,294
03-Aug-18,295.4,299.15,294.05,298.6
06-Aug-18,300.5,310.9,300.5,308.55
07-Aug-18,309.4,310.5,303,304
08-Aug-18,305.5,310.55,303.15,308.65
09-Aug-18,313,319.2,310.1,316.45
10-Aug-18,317.7,325.85,301.1,304.45
13-Aug-18,296.4,302.55,291.8,294.8
14-Aug-18,296.95,299.1,293.75,294.7
16-Aug-18,293.95,298.25,290.5,292.7
17-Aug-18,295.9,302.65,294.2,302
20-Aug-18,304,308.5,303.7,307.55
21-Aug-18,308.1,308.5,303.5,306.9
23-Aug-18,307.9,307.9,298.35,302.25
24-Aug-18,301.25,305.85,299.1,300.3
27-Aug-18,303.25,310.3,303.25,308.25
28-Aug-18,308.7,310.15,303.6,304.95
29-Aug-18,306.9,312,306,309.65
30-Aug-18,310,310,306,308.15
31-Aug-18,307.3,310,304.75,308.85
03-Sep-18,312,312.2,304.3,306.4
04-Sep-18,307.7,307.7,295.7,296.6
05-Sep-18,296.9,298.9,290.6,296.75
06-Sep-18,298.3,300,295.1,296.65
07-Sep-18,296.5,296.5,290,291.85
10-Sep-18,291,293.3,284,285
11-Sep-18,288.3,291.5,281.2,282.3
12-Sep-18,283.9,286.6,280.15,285.45
14-Sep-18,290,291.45,288.85,290.4
17-Sep-18,289.5,289.5,284.1,285.6
18-Sep-18,285.6,286.9,272.55,274
19-Sep-18,276.05,278,270.6,271.4
21-Sep-18,274.9,279.35,253.6,270.05
24-Sep-18,272.25,273,263,264.55
25-Sep-18,264.9,272.2,261,270.25
26-Sep-18,272.55,273.85,262.35,264
27-Sep-18,264.05,268.15,263.9,265
28-Sep-18,266.85,272.75,262.4,265
01-Oct-18,265.5,274.25,264.4,273.05
03-Oct-18,274,278.3,269.95,270.7
04-Oct-18,268.95,272.4,265.8,270.6
05-Oct-18,271,272,255.95,257.8
08-Oct-18,259.15,268.35,258.55,266
09-Oct-18,268.7,268.7,259.7,262.65
10-Oct-18,261.95,279.4,261.15,278.1
11-Oct-18,268.8,271.25,261.1,262.15
12-Oct-18,265,268,261.5,263.35
15-Oct-18,263.35,265.6,261,263.35
16-Oct-18,264.8,271,263.6,270.2
17-Oct-18,274.45,275,259.9,261.15
19-Oct-18,260,264,258.1,260.85
22-Oct-18,264.55,266.5,259,259.95
23-Oct-18,258.3,259,254.95,255.35
24-Oct-18,259.5,261.85,252.9,255.5
25-Oct-18,254.8,255,248.4,249.65
26-Oct-18,254,254,247.65,248.1
29-Oct-18,248.95,268.75,248.3,268.05
30-Oct-18,267.2,279,266.15,273.15
31-Oct-18,275,281.8,268.7,280.5
01-Nov-18,282.5,288.35,278.85,285.7
02-Nov-18,287.1,292.65,283.25,285.45
05-Nov-18,286,299.9,283.75,295.3
06-Nov-18,297.8,298.15,284.3,286.5
07-Nov-18,289.9,290,285.95,286.65
09-Nov-18,287.1,287.45,282.55,283
12-Nov-18,284,284,276.85,277.75
13-Nov-18,276.5,279.9,273.5,278.15
14-Nov-18,280.05,287.7,279.1,283.7
15-Nov-18,283.7,287,281.3,285.3
16-Nov-18,286.05,291.05,282.85,290.3
19-Nov-18,292,293.4,286.3,288.2
20-Nov-18,286.5,288.65,282,283.05
21-Nov-18,284,289.5,283.3,286.55
22-Nov-18,286.5,287,281.5,282.6
26-Nov-18,283.5,286.8,279.75,285.7
27-Nov-18,285,290.2,283.9,289.05
28-Nov-18,289.5,292.45,283,284.15
29-Nov-18,288.75,289.65,284.25,286.25
30-Nov-18,289.65,290.8,283.3,284.35
03-Dec-18,287.4,287.9,283.4,287
04-Dec-18,287.55,287.9,281.9,282.3
05-Dec-18,282,283.05,277.7,280.2
06-Dec-18,277.1,279,275,275.75
07-Dec-18,276.55,277.5,272.25,275.4
10-Dec-18,261.1,276.4,261.1,273.4
11-Dec-18,269,283,267.3,281.2
12-Dec-18,283.5,285.8,282.55,285.25
13-Dec-18,289.6,294.05,286,288.6
14-Dec-18,290,290.85,286.95,289.15
17-Dec-18,289.6,291.3,287.1,288.65
18-Dec-18,288.3,294,287,292.55
19-Dec-18,294.5,301.95,294.05,300.4
20-Dec-18,299.4,301.5,293,293.85
21-Dec-18,294,296.45,290.05,291.65
24-Dec-18,292.5,294.95,289.85,292.8
26-Dec-18,293,294.8,287.2,293.95
27-Dec-18,295.2,297.5,291.05,291.85
28-Dec-18,294.7,297.05,293.6,294.45
31-Dec-18,296.5,298.1,295.05,295.65
01-Jan-19,297,300.15,293.8,299.35
02-Jan-19,299.35,302.2,293.1,293.85
03-Jan-19,294.75,295.75,290.2,291.05
04-Jan-19,293.8,298.95,291.45,297.5
07-Jan-19,301,301.35,294.65,295.7
08-Jan-19,295,305.8,294.7,305.1
09-Jan-19,306,306.95,300.85,305.05
10-Jan-19,305.15,307.2,302.95,304.65
11-Jan-19,305.5,306,301.1,302.55
14-Jan-19,301.6,303.4,299.45,300.5
15-Jan-19,301.3,303.6,300.55,301
16-Jan-19,303,306.4,302,302.75
17-Jan-19,303.3,304.5,295.4,297.35
18-Jan-19,298.05,299.7,294.2,295.2
21-Jan-19,295.15,296.75,291.1,292.35
22-Jan-19,292.35,292.8,288.2,290.3
23-Jan-19,290.05,294.7,285.4,286.5
24-Jan-19,285.5,289.9,285.5,287.95
25-Jan-19,288.5,291,283.25,285.25
28-Jan-19,286.4,286.5,277.45,281.6
29-Jan-19,282,286,276.6,280.75
30-Jan-19,280.8,290,280.4,287.5
31-Jan-19,289.9,294.5,287.75,293.35
01-Feb-19,296.05,302.35,282,284.3
04-Feb-19,283.4,284.85,278,283.6
05-Feb-19,284.05,286.75,283,284.5
06-Feb-19,285.4,288.9,283.6,288.2
07-Feb-19,289.8,294,286.85,287.6
08-Feb-19,285.5,287.3,282.4,285.05
11-Feb-19,286,286,279,279.8
12-Feb-19,280.25,282.2,274.5,275.4
13-Feb-19,276.9,278,266.75,268.25
14-Feb-19,268.5,268.65,264,267.05
15-Feb-19,268.5,269,261.3,262.95
18-Feb-19,263.05,265.5,258.8,259.75
19-Feb-19,260.5,267.25,260.5,262.5
20-Feb-19,265,267.7,264.5,267.05
21-Feb-19,269.95,270.9,267,267.55
22-Feb-19,268,271.8,267.25,270.75
25-Feb-19,271,271.45,268.15,270.2
26-Feb-19,268,268.2,263.25,266.3
27-Feb-19,267.3,272.5,266.5,267.25
28-Feb-19,267.5,270.95,267.5,269.75
01-Mar-19,270,274.4,270,272.95
05-Mar-19,271.9,277.5,271.2,276.05
06-Mar-19,276.3,282.2,275.55,277.65
07-Mar-19,279.7,282,277.65,281.15
08-Mar-19,282,284.2,279.8,281.25
11-Mar-19,283.3,288.5,283.3,286.8
12-Mar-19,289,289.75,285.3,286.5
13-Mar-19,286.5,293.5,284.55,292.65
14-Mar-19,294.15,294.6,290.45,291.15
15-Mar-19,292.05,300.5,292.05,297.7
18-Mar-19,298.4,300.75,294.3,298.45
19-Mar-19,300.05,306.2,299,302.75
20-Mar-19,302.9,304.7,299.85,303.45
22-Mar-19,304.05,306.3,297,298.1
25-Mar-19,294.9,295,292.4,293.8
26-Mar-19,294.05,305.95,294.05,303.3
27-Mar-19,305,310.7,304.3,308.05
28-Mar-19,310,319.9,309.15,318.4
29-Mar-19,320.2,322.95,316.7,320.8
01-Apr-19,322,327.5,321.2,322.8
02-Apr-19,323.5,330.5,321.9,328.55
03-Apr-19,330.3,332.65,319.55,320.65
04-Apr-19,320.75,325.55,318.55,321.7
05-Apr-19,323.6,323.6,314.65,317
08-Apr-19,318.8,319.3,311.25,312.8
09-Apr-19,313.55,315.95,308.1,315.15
10-Apr-19,315.15,317.25,310.5,311.2
11-Apr-19,311.2,315,308.95,314.7
12-Apr-19,314.5,316.5,311.5,315.3
15-Apr-19,315.3,318.5,314.1,315.65
16-Apr-19,316.15,319.3,314.95,315.8
18-Apr-19,315.9,315.9,308.1,310.9
22-Apr-19,309.05,312.4,306.5,310
23-Apr-19,310.45,313.55,304.9,305.65
24-Apr-19,307,311.85,303.6,310.7
25-Apr-19,311.5,312.05,305.7,306.3
26-Apr-19,306.45,313.25,306.45,312.3
30-Apr-19,312.5,312.5,305,310.2
02-May-19,308,311.35,305.6,307.45
03-May-19,308.1,311.5,308.1,309.15
06-May-19,307.8,310,305.9,308.7
07-May-19,310.3,312.3,304.05,305.85
08-May-19,305.45,305.45,297,298.1
09-May-19,298.9,300.95,295.95,299.25
10-May-19,301.95,310.7,292.2,308.05
13-May-19,310.4,314.4,305.1,306.75
14-May-19,307.9,316.05,305.05,313.9
15-May-19,316,317.75,310.2,311.6
16-May-19,312.5,316.85,309.5,315.2
17-May-19,315.05,321.6,313.3,318.95
20-May-19,334.5,346.1,330.75,344.6
21-May-19,346.05,347.1,336.15,337.55
22-May-19,339.5,342.8,333.55,340.85
23-May-19,350,364,339.2,342.3
24-May-19,345.2,356,343.5,354.6
27-May-19,355.3,362.2,354,361.45
28-May-19,361.5,361.5,356.7,360.4
29-May-19,358.45,359,347.2,348.55
30-May-19,350,354.9,347.6,353.65
31-May-19,354.1,357.8,345,352.55
03-Jun-19,352.05,355.55,349.8,354.9
04-Jun-19,354.3,357.15,351.35,352.35
06-Jun-19,349.8,349.8,336.1,337.05
07-Jun-19,337.9,342.35,335.85,341.65
10-Jun-19,345.4,347.5,339.9,343.4
11-Jun-19,344,348.2,342.85,347.35
12-Jun-19,347.35,347.35,342.5,344.2
13-Jun-19,342.2,347,339.55,346.3
14-Jun-19,346.2,346.35,342.7,343.85
17-Jun-19,343.8,343.9,337.05,337.75
18-Jun-19,335.05,343.9,333.75,340.25
19-Jun-19,343.6,345.1,335.7,338.85
20-Jun-19,342,346.2,335.8,345.05
21-Jun-19,345,350.45,343.25,349.45
24-Jun-19,350,354.55,349.75,353.25
25-Jun-19,353.25,356.9,351.25,356.5
26-Jun-19,355.55,359,354.65,358
27-Jun-19,358,363,357.4,362.05
28-Jun-19,362,364.85,358.9,360.9
01-Jul-19,362.2,362.95,358.55,361.5
02-Jul-19,362.5,365,360.35,364.5
03-Jul-19,366,366.55,363.15,366.15
04-Jul-19,367,370.7,366.3,367.3
05-Jul-19,369.25,373.4,366,370.6
08-Jul-19,368.9,368.9,353.55,355.25
09-Jul-19,355,360,352.6,359.15
10-Jul-19,360.3,361.7,351.35,354.2
11-Jul-19,358,364,357.05,363.1
12-Jul-19,363.35,366.4,361.5,363.55
15-Jul-19,364.1,364.65,357.6,359.95
16-Jul-19,358.8,365.85,357.55,364.25
17-Jul-19,364.55,373.5,363.2,372.15
18-Jul-19,372.2,373.7,362.6,363.65
19-Jul-19,364.65,365.9,355.15,356
22-Jul-19,356.2,359.5,348.8,350.8
23-Jul-19,352.8,353.1,341.05,342.05
24-Jul-19,342.2,344.75,336.3,339.65
25-Jul-19,341,343.2,337.55,341.4
26-Jul-19,341.45,346.1,340.85,342.5
29-Jul-19,342.6,346.6,336.95,343.65
30-Jul-19,343.75,346.7,325.85,327.5
31-Jul-19,325.75,333.1,323.9,332.05
01-Aug-19,331,331.55,311.5,317.2
02-Aug-19,315.55,322.2,307.05,308.45
05-Aug-19,299.7,302.85,292,300.25
06-Aug-19,298.7,304.35,297.5,301.25
07-Aug-19,302.55,303.05,288.85,289.95
08-Aug-19,290,295.4,285.65,294.3
09-Aug-19,297,297.95,290.2,291.35
13-Aug-19,292.1,292.1,282.6,283.4
14-Aug-19,285,291.25,284.35,289.85
16-Aug-19,287.2,292.6,284.3,290.95
19-Aug-19,292.65,292.65,286.1,286.7
20-Aug-19,286.55,287.55,280.85,283.65
21-Aug-19,285.3,285.8,276.4,277.4
22-Aug-19,277,278,267.3,268.4
23-Aug-19,267.4,275.05,262.7,271.1
26-Aug-19,288,288,270.05,280.25
27-Aug-19,284.4,288,282.75,285.7
28-Aug-19,287.25,287.25,282.2,284.9
29-Aug-19,283,284.3,273.5,274.65
30-Aug-19,276.25,277.9,266.95,273.7
03-Sep-19,271.9,271.9,267.15,268.35
04-Sep-19,269.7,275.75,267.6,274.95
05-Sep-19,275.4,276.3,271.15,273.15
06-Sep-19,275.35,277,272.25,273.95
09-Sep-19,274,278.6,271.5,277.9
11-Sep-19,278.9,285.85,278.45,285.3
12-Sep-19,287.05,288.7,284.1,286.85
13-Sep-19,286,292.4,282.1,291.7
16-Sep-19,287.9,290.45,284.05,284.65
17-Sep-19,285.3,286.35,273.1,273.9
18-Sep-19,277,282.85,274.5,280.5
19-Sep-19,280.5,280.5,273.2,274.05
20-Sep-19,274.05,307.6,268.55,301.7
23-Sep-19,308.2,315.5,300.4,313.6
24-Sep-19,313.2,315,301,302.45
25-Sep-19,299.4,299.4,278.6,280.15
26-Sep-19,281.6,289.7,277,281.9
27-Sep-19,283,286.05,280,281.25
30-Sep-19,283.3,283.3,270.1,270.9
01-Oct-19,273.8,275.5,245.65,256
03-Oct-19,255,260.7,250.15,255
04-Oct-19,259.9,260.5,248.6,249.9
07-Oct-19,251.1,253.4,246.6,249
09-Oct-19,250.1,262,244.35,260.9
10-Oct-19,259,259,252.7,254.05
11-Oct-19,256.7,261.4,251.6,254.5
14-Oct-19,257,259.35,254.1,255.45
15-Oct-19,256.8,259.9,254.75,258.4
16-Oct-19,259.4,261.85,255.05,255.9
17-Oct-19,256,266.1,255.85,265.45
18-Oct-19,264.5,271.2,263.5,269.65
